Source title,CiteScore,Highest percentile,2021-24 Citations,2021-24 Documents,% Cited,SNIP,SJR,Publisher
Advanced Science
Ca-A Cancer Journal for Clinicians,1154.2,"99.0%
1/415
Oncology",121190,105,94,201.167,145.004,John Wiley & Sons
Nature Reviews Drug Discovery,181.8,"99.0%
1/321
Pharmacology",32182,177,92,23.21,30.506,Springer Nature
Nature Reviews Clinical Oncology,114.5,"99.0%
2/415
Oncology",28505,249,93,14.181,28.675,Springer Nature
Nature Reviews Disease Primers,113.3,"99.0%
1/668
General Medicine",19833,175,83,28.493,17.995,Springer Nature
Nature Reviews Materials,105.5,"99.0%
1/324
Materials Chemistry",28378,269,82,11.021,19.43,Springer Nature
Nature Reviews Cancer,103.8,"99.0%
1/233
Cancer Research",23559,227,83,11.131,24.378,Springer Nature
Chemical Reviews,100.5,"99.0%
1/404
General Chemistry",102753,1022,96,11.092,16.455,American Chemical Society
New England Journal of Medicine,96.4,"99.0%
2/668
General Medicine",216262,2243,79,13.467,19.076,Massachussetts Medical Society
Reviews of Modern Physics,91.1,"99.0%
1/246
General Physics and Astronomy",12021,132,92,16.632,18.08,American Physical Society
The Lancet,87.6,"99.0%
3/668
General Medicine",155575,1776,79,22.724,12.113,Elsevier
IEEE Communications Surveys and Tutorials,86.2,"99.0%
1/970
Electrical and Electronic Engineering",27510,319,97,13.921,14.184,IEEE
Nature Reviews Immunology,84.7,"99.0%
1/240
Immunology",28274,334,78,8.357,17.458,Springer Nature
Nature,78.1,"99.0%
1/200
",390062,4992,94,10.161,18.288,Springer Nature
World Psychiatry,74.0,"99.0%
1/580
Psychiatry and Mental Health",6212,84,98,13.938,18.419,John Wiley & Sons
Chemical Society Reviews,73.2,"99.0%
2/404
General Chemistry",90796,1240,94,7.071,11.467,Royal Society of Chemistry
Nature Energy,73.0,"99.0%
1/297
Renewable Energy, Sustainability and the Environment",39648,543,90,7.32,17.599,Springer Nature
Proceedings of the IEEE,71.1,"99.0%
2/970
Electrical and Electronic Engineering",19976,281,91,11.377,6.247,IEEE
Annals of Oncology,70.4,"99.0%
4/415
Oncology",26834,381,99,10.485,19.072,Elsevier
Progress in Materials Science,70.0,"99.0%
1/460
General Materials Science",26103,373,99,8.943,8.566,Elsevier
Nature Reviews Earth and Environment,70.0,"99.0%
1/222
Nature and Landscape Conservation",17568,251,84,12.825,13.465,Springer Nature
The Lancet Diabetes and Endocrinology,64.2,"99.0%
1/247
Endocrinology, Diabetes and Metabolism",16946,264,94,11.269,12.19,Elsevier
The Lancet Neurology,62.6,"99.0%
1/400
Neurology (clinical)",22606,361,85,13.746,11.729,Elsevier
Nature Nanotechnology,62.2,"99.0%
1/443
Condensed Matter Physics",44687,719,94,6.477,14.612,Springer Nature
Nature Materials,61.8,"99.0%
1/720
Mechanical Engineering",50439,816,94,6.733,14.204,Springer Nature
Nature Biotechnology,58.8,"99.0%
1/314
Biotechnology",39000,663,90,6.431,19.006,Springer Nature
Nature Reviews Gastroenterology and Hepatology,58.7,"99.0%
1/173
Gastroenterology",21528,367,74,6.586,9.911,Springer Nature
Signal Transduction and Targeted Therapy,58.6,"99.0%
1/348
Genetics",64411,1099,87,7.309,12.135,Springer Nature
Cancer Cell,57.7,"98.0%
6/415
Oncology",28061,486,96,5.728,19.027,Elsevier
Nature Reviews Genetics,57.7,"99.0%
2/348
Genetics",16673,289,77,6.732,16.364,Springer Nature
Nature Reviews Cardiology,56.1,"99.0%
1/397
Cardiology and Cardiovascular Medicine",17783,317,79,8.151,10.662,Springer Nature
International Journal of Information Management,54.9,"99.0%
1/507
Computer Networks and Communications",21368,389,97,6.932,6.26,Elsevier
Nature Photonics,53.6,"99.0%
2/232
Atomic and Molecular Physics, and Optics",29880,557,94,7.198,11.546,Springer Nature
The Lancet Respiratory Medicine,53.2,"99.0%
1/159
Pulmonary and Respiratory Medicine",26389,496,86,6.837,6.788,Elsevier
Nano-Micro Letters,53.1,"99.0%
4/970
Electrical and Electronic Engineering",49670,935,98,3.856,8.188,Open Access Science Online
ACM Computing Surveys,51.6,"99.0%
1/136
Theoretical Computer Science",58562,1135,91,11.033,5.797,Association for Computing Machinery
The Lancet Gastroenterology and Hepatology,51.1,"99.0%
2/173
Gastroenterology",16559,324,94,8.487,11.398,Elsevier
Joule,50.8,"99.0%
1/78
General Energy",36030,709,94,4.67,10.868,Elsevier
The Lancet Oncology,50.8,"98.0%
7/415
Oncology",42832,843,84,10.225,11.319,Elsevier
Nature Electronics,49.1,"99.0%
1/174
Instrumentation",20608,420,91,6.327,11.082,Springer Nature
Nature Methods,49.0,"99.0%
2/441
Biochemistry",39661,809,86,8.395,17.251,Springer Nature
Nature Biomedical Engineering,49.0,"99.0%
1/947
Computer Science Applications",22895,467,90,5.082,10.105,Springer Nature
Journal of Hepatology,48.5,"97.0%
3/87
Hepatology",41603,857,96,6.249,10.575,Elsevier
Science,48.4,"98.0%
3/200
",235433,4865,80,6.623,10.416,American Association for the Advancement of Science
Molecular Cancer,47.4,"99.0%
2/177
Molecular Medicine",30306,640,91,5.233,9.263,Springer Nature
European Urology,47.2,"99.0%
1/121
Urology",20453,433,98,8.127,8.529,Elsevier
Gut,46.7,"98.0%
3/173
Gastroenterology",37869,811,96,4.788,8.874,BMJ Publishing Group
Cell Metabolism,45.5,"99.0%
2/190
Physiology",27966,614,95,4.912,11.989,Elsevier
Circulation,45.1,"99.0%
2/397
Cardiology and Cardiovascular Medicine",69704,1544,85,8.297,8.668,Wolters Kluwer Health
Nature Genetics,45.1,"99.0%
3/348
Genetics",36837,816,89,6.642,16.586,Springer Nature
The Lancet Psychiatry,44.3,"99.0%
2/580
Psychiatry and Mental Health",15402,348,86,7.935,7.458,Elsevier
Energy and Environmental Science,44.0,"99.0%
1/150
Environmental Chemistry",83569,1899,85,4.098,10.529,Royal Society of Chemistry
Environmental Chemistry Letters,42.8,"99.0%
2/150
Environmental Chemistry",29047,679,96,3.878,3.929,Springer Nature
The Lancet Infectious Diseases,42.6,"99.0%
2/357
Infectious Diseases",36961,868,84,5.657,5.446,Elsevier
Nature Climate Change,42.2,"99.0%
1/674
Social Sciences (miscellaneous)",26956,639,88,6.174,8.046,Springer Nature
Nature Sustainability,42.1,"99.0%
1/841
Geography, Planning and Development",25190,598,91,5.343,7.292,Springer Nature
Immunity,40.8,"99.0%
3/357
Infectious Diseases",29731,728,93,4.01,12.163,Elsevier
Advanced Energy Materials,40.7,"99.0%
5/460
General Materials Science",139604,3433,94,3.282,8.378,John Wiley & Sons
European Heart Journal,40.3,"99.0%
3/397
Cardiology and Cardiovascular Medicine",77760,1931,82,8.867,4.987,Oxford University Press
Gastroenterology,39.5,"97.0%
4/173
Gastroenterology",37736,955,93,5.039,7.195,Elsevier
Morbidity and Mortality Weekly Report,39.4,"99.0%
3/376
Health (social science)",40938,1039,86,4.82,9.559,Department of Health and Human Services
Advanced Materials,39.4,"99.0%
4/720
Mechanical Engineering",359831,9137,91,3.874,8.851,John Wiley & Sons
Journal of Clinical Oncology,38.9,"97.0%
9/415
Oncology",64692,1661,92,5.983,11.205,Wolters Kluwer Health
Coordination Chemistry Reviews,38.2,"99.0%
1/187
Physical and Theoretical Chemistry",71234,1867,96,3.538,4.638,Elsevier
Nature Immunology,38.2,"98.0%
4/240
Immunology",27201,712,86,3.81,10.39,Springer Nature
Renewable and Sustainable Energy Reviews,38.0,"98.0%
6/297
Renewable Energy, Sustainability and the Environment",144775,3808,97,4.077,3.901,Elsevier
Nature Machine Intelligence,37.6,"99.0%
3/507
Computer Networks and Communications",18057,480,88,5.736,5.876,Springer Nature
Bioactive Materials,36.2,"98.0%
4/314
Biotechnology",58426,1615,94,2.833,4.075,KeAi Communications Co.
Cellular and Molecular Immunology,36.2,"99.0%
4/357
Infectious Diseases",18475,511,92,3.291,5.916,Springer Nature
Advanced Drug Delivery Reviews,36.0,"99.0%
1/185
Pharmaceutical Science",30989,862,97,2.485,3.721,Elsevier
Materials Today,35.8,"99.0%
5/720
Mechanical Engineering",24401,682,90,3.41,5.755,Elsevier
Cell Host and Microbe,35.4,"99.0%
1/86
Virology",20617,583,91,2.763,7.067,Elsevier
Nature Neuroscience,35.4,"99.0%
1/111
General Neuroscience",25282,715,90,4.705,11.197,Springer Nature
Journal of the American College of Cardiology,35.1,"99.0%
4/397
Cardiology and Cardiovascular Medicine",44634,1273,96,6.304,9.015,Elsevier
IEEE Transactions on Pattern Analysis and Machine Intelligence,35.0,"99.0%
1/665
Applied Mathematics",96569,2760,90,5.988,3.91,IEEE
Journal of Thoracic Oncology,34.9,"99.0%
2/159
Pulmonary and Respiratory Medicine",15920,456,98,4.492,7.948,Elsevier
Trends in Food Science and Technology,34.2,"99.0%
3/404
Food Science",52917,1549,93,3.713,3.247,Elsevier
IEEE Journal on Selected Areas in Communications,33.6,"99.0%
7/970
Electrical and Electronic Engineering",32554,969,96,4.914,7.023,IEEE
Annals of the Rheumatic Diseases,33.2,"99.0%
1/76
Rheumatology",24283,731,94,4.435,5.731,Elsevier
Cell Stem Cell,32.9,"98.0%
4/348
Genetics",16701,507,93,3.29,9.313,Elsevier
JAMA Oncology,32.6,"96.0%
13/415
Oncology",22201,681,86,5.054,8.377,American Medical Association
Energy Storage Materials,31.8,"98.0%
5/299
Energy Engineering and Power Technology",78305,2463,90,2.597,5.791,Elsevier
The Lancet Global Health,31.8,"99.0%
7/668
General Medicine",19496,613,95,6.707,5.87,Elsevier
Nucleic Acids Research,31.7,"98.0%
5/348
Genetics",162199,5109,88,4.714,7.776,Oxford University Press
Advanced Composites and Hybrid Materials,31.7,"99.0%
2/167
Polymers and Plastics",27109,854,87,2.296,3.214,Springer Nature
JAMA Psychiatry,31.4,"99.0%
4/580
Psychiatry and Mental Health",15561,496,91,4.919,5.755,American Medical Association
Nature Human Behaviour,31.0,"99.0%
1/169
Experimental and Cognitive Psychology",20973,676,89,5.296,5.537,Springer Nature
JAMA Neurology,31.0,"99.0%
3/400
Neurology (clinical)",16981,547,82,5.414,6.237,American Medical Association
JAMA,30.8,"98.0%
8/668
General Medicine",73093,2375,68,10.71,5.352,American Medical Association
Accounts of Chemical Research,30.7,"98.0%
7/404
General Chemistry",38196,1245,93,3.217,5.433,American Chemical Society
Diabetes Care,30.5,"99.0%
1/69
Advanced and Specialized Nursing",40683,1333,92,4.846,6.566,American Diabetes Association Inc.
Nano Energy,30.4,"99.0%
8/970
Electrical and Electronic Engineering",132882,4366,92,2.252,4.566,Elsevier
Neuro-Oncology,30.2,"99.0%
4/400
Neurology (clinical)",21201,702,91,4.888,6.974,Oxford University Press
Light: Science and Applications,30.1,"98.0%
5/232
Atomic and Molecular Physics, and Optics",30782,1023,88,4.549,5.018,Springer Nature
Advances in Colloid and Interface Science,29.7,"98.0%
3/187
Physical and Theoretical Chemistry",19155,644,93,3.422,3.09,Elsevier
Hepatology,29.7,"94.0%
5/87
Hepatology",35891,1210,92,3.518,5.557,Wolters Kluwer Health
ACS Energy Letters,29.6,"98.0%
2/124
Chemistry (miscellaneous)",63694,2155,89,2.619,6.799,American Chemical Society
Journal of Manufacturing Systems,29.4,"99.0%
1/224
Hardware and Architecture",26363,897,88,4.179,3.633,Elsevier
Nature Physics,29.1,"98.0%
5/246
General Physics and Astronomy",28747,987,88,4.364,7.125,Springer Nature
Nature Metabolism,29.0,"98.0%
3/171
Internal Medicine",15853,547,88,3.294,7.529,Springer Nature
JAMA Pediatrics,28.7,"99.0%
1/342
Pediatrics, Perinatology and Child Health",15075,525,87,5.047,5.085,American Medical Association
Biomaterials,28.5,"99.0%
1/152
Biophysics",52850,1857,98,1.783,2.998,Elsevier
IEEE/CAA Journal of Automatica Sinica,28.2,"99.0%
3/474
Information Systems",19061,675,89,4.047,3.863,IEEE
Nature Chemistry,28.1,"99.0%
3/274
General Chemical Engineering",22532,803,91,3.422,6.71,Springer Nature
Science Translational Medicine,27.9,"98.0%
9/668
General Medicine",34631,1242,91,2.662,6.722,American Association for the Advancement of Science
Advanced Functional Materials,27.7,"98.0%
7/443
Condensed Matter Physics",326792,11790,91,2.588,5.439,John Wiley & Sons
Angewandte Chemie - International Edition,27.6,"97.0%
10/404
General Chemistry",398481,14433,92,2.465,5.55,John Wiley & Sons
Journal of Energy Chemistry,27.1,"97.0%
7/299
Energy Engineering and Power Technology",71260,2627,96,1.886,3.394,Elsevier
Chem,27.0,"99.0%
1/76
Biochemistry (medical)",22611,838,92,2.539,6.01,Elsevier
Science Immunology,26.9,"97.0%
7/231
Immunology and Allergy",18345,683,83,2.349,8.22,American Association for the Advancement of Science
Medical Image Analysis,26.6,"99.0%
1/346
Radiology, Nuclear Medicine and Imaging",30626,1151,91,3.912,3.289,Elsevier
Tourism Management,26.5,"99.0%
1/309
Development",15095,570,95,3.745,4.146,Elsevier
Artificial Intelligence Review,26.3,"99.0%
1/1126
Language and Linguistics",29110,1106,89,5.112,3.01,Springer Nature
Technological Forecasting and Social Change,26.3,"99.0%
2/451
Business and International Management",76934,2927,92,3.255,3.472,Elsevier
Pharmacology and Therapeutics,26.2,"99.0%
1/275
Pharmacology (medical)",16458,627,95,2.769,3.8,Elsevier
Nature Geoscience,25.9,"99.0%
2/198
General Earth and Planetary Sciences",16771,648,88,4.032,5.138,Springer Nature
International Journal of Computer Vision,25.9,"98.0%
8/490
Software",19599,757,83,5.15,3.136,Springer Nature
Physical Review X,25.7,"97.0%
6/246
General Physics and Astronomy",23321,906,90,3.714,6.415,American Physical Society
IEEE Transactions on Cybernetics,25.7,"99.0%
4/375
Control and Systems Engineering",75247,2930,94,3.223,4.45,IEEE
Composites Part B: Engineering,25.6,"98.0%
5/402
Industrial and Manufacturing Engineering",66740,2607,94,2.673,2.961,Elsevier
Comprehensive Reviews in Food Science and Food Safety,25.5,"99.0%
4/404
Food Science",19638,769,87,3.343,2.935,John Wiley & Sons
Matter,25.4,"97.0%
13/460
General Materials Science",23586,930,91,2.227,4.804,Elsevier
Journal of Materials Science and Technology,25.4,"98.0%
3/175
Metals and Alloys",84357,3324,98,2.394,2.865,Chinese Society of Metals
Journal of Business Research,25.3,"98.0%
3/215
Marketing",82008,3243,92,3.348,3.499,Elsevier
Cancer Discovery,24.8,"96.0%
16/415
Oncology",32727,1322,64,4.12,7.283,American Association for Cancer Research Inc.
JAMA Internal Medicine,24.7,"97.0%
4/171
Internal Medicine",15547,630,83,3.982,4.623,American Medical Association
"Resources, Conservation and Recycling",24.7,"99.0%
1/731
Economics and Econometrics",54240,2196,93,2.618,2.872,Elsevier
IEEE Transactions on Neural Networks and Learning Systems,24.7,"99.0%
5/507
Computer Networks and Communications",84362,3413,96,4.214,3.686,IEEE
JNCCN Journal of the National Comprehensive Cancer Network,24.7,"96.0%
17/415
Oncology",15878,643,74,5.17,5.514,Harborside Press
Journal of Hazardous Materials,24.6,"99.0%
2/219
Environmental Engineering",305836,12433,88,2.105,3.078,Elsevier
Acta Pharmaceutica Sinica B,24.3,"99.0%
1/77
General Pharmacology, Toxicology and Pharmaceutics",28113,1158,91,2.465,3.489,Chinese Academy of Medical Sciences
ACS Nano,24.2,"99.0%
1/344
General Engineering",194482,8028,86,2.341,4.497,American Chemical Society
Circulation Research,24.2,"98.0%
7/397
Cardiology and Cardiovascular Medicine",20982,868,87,3.623,4.897,Wolters Kluwer Health
Information Fusion,24.1,"99.0%
2/224
Hardware and Architecture",25832,1073,91,4.604,4.128,Elsevier
Carbohydrate Polymers,24.0,"98.0%
4/212
Organic Chemistry",114543,4766,95,2.03,2.004,Elsevier
Theranostics,23.9,"99.0%
4/433
Medicine (miscellaneous)",40343,1686,88,2.179,3.37,Ivyspring International Publisher
American Journal of Respiratory and Critical Care Medicine,23.8,"98.0%
2/118
Critical Care and Intensive Care Medicine",23517,990,88,3.861,5.076,American Thoracic Society
Business Strategy and the Environment,23.7,"99.0%
2/841
Geography, Planning and Development",30608,1293,88,3.191,3.609,John Wiley & Sons
Computers and Education,23.7,"99.0%
4/1620
Education",15293,645,93,4.176,3.343,Elsevier
Critical Reviews in Food Science and Nutrition,23.5,"98.0%
6/404
Food Science",47109,2003,99,2.536,2.2,Taylor & Francis
Cement and Concrete Research,23.5,"99.0%
2/239
Building and Construction",24428,1040,93,3.389,5.815,Elsevier
Nature Communications,23.4,"97.0%
5/200
",764101,32699,87,3.15,4.761,Springer Nature
Allergy: European Journal of Allergy and Clinical Immunology,23.0,"95.0%
10/231
Immunology and Allergy",18819,819,93,3.013,3.622,John Wiley & Sons
Blood,23.0,"98.0%
9/441
Biochemistry",46444,2016,89,3.467,5.823,Elsevier
European Respiratory Journal,23.0,"97.0%
5/159
Pulmonary and Respiratory Medicine",23470,1019,91,3.465,4.502,European Respiratory Society
Journal of Retailing and Consumer Services,22.7,"97.0%
5/215
Marketing",35837,1578,93,2.992,3.439,Elsevier
Journal of Magnesium and Alloys,22.7,"98.0%
4/175
Metals and Alloys",22228,978,92,3.104,3.282,KeAi Communications Co.
Remote Sensing of Environment,22.6,"99.0%
1/330
Geology",41344,1831,91,3.28,3.972,Elsevier
Journal of the American Chemical Society,22.5,"97.0%
11/441
Biochemistry",251270,11184,88,2.61,5.554,American Chemical Society
Sustainable Production and Consumption,22.5,"98.0%
4/219
Environmental Engineering",33212,1474,88,2.404,2.588,Elsevier
IEEE Transactions on Image Processing,22.5,"98.0%
3/127
Computer Graphics and Computer-Aided Design",50208,2230,88,3.407,2.502,IEEE
IEEE Transactions on Industrial Informatics,22.5,"98.0%
6/375
Control and Systems Engineering",88428,3922,89,3.223,3.416,IEEE
Cement and Concrete Composites,22.5,"98.0%
3/239
Building and Construction",36273,1612,94,2.829,4.446,Elsevier
Sustainable Cities and Society,22.4,"99.0%
1/407
Civil and Structural Engineering",74232,3316,91,2.509,2.869,Elsevier
Neuron,22.1,"95.0%
5/111
General Neuroscience",25478,1155,89,2.952,6.755,Elsevier
Journal of Advanced Research,22.1,"97.0%
6/200
",15394,698,97,2.516,2.576,Elsevier
Journal of Experimental Medicine,22.1,"95.0%
11/231
Immunology and Allergy",19292,874,90,1.993,5.834,Rockefeller University Press
Molecular Psychiatry,22.1,"98.0%
9/580
Psychiatry and Mental Health",39594,1791,94,2.523,4.022,Springer Nature
European Journal of Heart Failure,22.0,"98.0%
8/397
Cardiology and Cardiovascular Medicine",16011,728,94,2.969,5.559,John Wiley & Sons
Technology in Society,21.9,"99.0%
2/1497
Sociology and Political Science",25687,1174,89,2.969,2.559,Elsevier
ISME Journal,21.8,"99.0%
4/731
Ecology, Evolution, Behavior and Systematics",22076,1012,87,2.63,3.973,Oxford University Press
Food Hydrocolloids,21.7,"98.0%
7/404
Food Science",82268,3789,95,2.429,2.837,Elsevier
Energy Economics,21.7,"99.0%
7/731
Economics and Econometrics",53584,2468,87,2.715,3.919,Elsevier
Journal of Allergy and Clinical Immunology,21.7,"95.0%
12/231
Immunology and Allergy",26416,1216,93,2.557,3.935,Elsevier
Arthritis and Rheumatology,21.4,"95.0%
4/76
Rheumatology",16616,776,92,2.788,3.784,John Wiley & Sons
Kidney International,21.4,"97.0%
3/91
Nephrology",17175,801,87,3.623,4.13,Elsevier
Carbon,21.4,"95.0%
19/460
General Materials Science",76024,3551,92,1.759,2.32,Elsevier
Cardiovascular Research,21.3,"97.0%
9/397
Cardiology and Cardiovascular Medicine",19046,894,90,2.657,3.947,Oxford University Press
Water Research,21.2,"99.0%
2/407
Civil and Structural Engineering",111001,5245,91,2.363,3.843,Elsevier
IEEE Transactions on Smart Grid,21.1,"96.0%
8/239
General Computer Science",36569,1735,94,3.024,4.608,IEEE
IEEE Transactions on Sustainable Energy,21.1,"94.0%
18/297
Renewable Energy, Sustainability and the Environment",17128,811,92,3.215,4.261,IEEE
Clinical Infectious Diseases,21.0,"97.0%
11/357
Infectious Diseases",71223,3399,93,2.01,2.992,Oxford University Press
Earth-Science Reviews,20.9,"98.0%
4/198
General Earth and Planetary Sciences",23519,1123,90,3.628,3.463,Elsevier
Automation in Construction,20.9,"99.0%
3/407
Civil and Structural Engineering",43215,2064,88,3.448,2.89,Elsevier
Biosensors and Bioelectronics,20.9,"98.0%
3/152
Biophysics",67744,3237,94,1.606,2.007,Elsevier
PLOS Medicine,20.8,"98.0%
12/668
General Environmental Science",393051,18950,92,2.231,2.174,Elsevier
Computers in Human Behavior,20.7,"99.0%
1/630
Arts and Humanities (miscellaneous)",31058,1500,91,3.354,2.923,Elsevier
Bioresource Technology,20.7,"97.0%
6/219
Environmental Engineering",134379,6491,91,1.777,2.395,Elsevier
International Journal of Hospitality Management,20.7,"98.0%
10/496
Strategy and Management",20433,988,86,2.595,2.731,Elsevier
Chemical Engineering Journal,20.6,"97.0%
7/274
General Chemical Engineering",627417,30503,85,1.846,2.696,Elsevier
Ageing Research Reviews,20.6,"99.0%
2/194
Neurology",20834,1011,88,2.961,4.216,Elsevier
Earth System Science Data,20.6,"97.0%
5/198
General Earth and Planetary Sciences",22180,1079,86,3.814,4.066,Copernicus Publications
"IEEE Transactions on Systems, Man, and Cybernetics: Systems",20.5,"98.0%
8/375
Control and Systems Engineering",54492,2663,89,2.645,3.254,IEEE
BMJ,20.4,"98.0%
13/668
General Medicine",84838,4167,48,9.446,2.976,BMJ Publishing Group
Brain,20.4,"98.0%
7/400
Neurology (clinical)",27746,1358,94,2.854,4.72,Oxford University Press
npj Digital Medicine,20.3,"98.0%
3/153
Health Informatics",17085,842,79,4.008,4.164,Springer Nature
Science Bulletin,20.3,"96.0%
7/200
",23563,1159,89,2.24,2.614,Elsevier
International Journal of Production Economics,20.2,"99.0%
2/225
General Business, Management and Accounting",23028,1139,88,2.668,2.833,Elsevier
Journal of Experimental and Clinical Cancer Research,20.2,"95.0%
20/415
Oncology",24488,1212,91,2.009,3.328,Springer Nature
Molecular Therapy,20.1,"97.0%
9/321
Pharmacology",19922,991,92,1.82,4.008,Elsevier
Applied Energy,20.1,"98.0%
5/406
Management, Monitoring, Policy and Law",135329,6726,93,2.512,2.902,Elsevier
Additive Manufacturing,20.0,"98.0%
4/264
Engineering (miscellaneous)",51663,2581,89,2.496,2.877,Elsevier
PRX Quantum,20.0,"99.0%
1/89
Mathematical Physics",17505,876,91,2.746,5.341,American Physical Society
IEEE Transactions on Fuzzy Systems,20.0,"99.0%
6/665
Applied Mathematics",34481,1726,86,2.795,3.614,IEEE
Energy Conversion and Management,19.8,"98.0%
2/80
Nuclear Energy and Engineering",94703,4787,92,2.261,2.659,Elsevier
Environment International,19.7,"98.0%
5/240
General Environmental Science",55475,2820,87,2.332,3.145,Elsevier
ISPRS Journal of Photogrammetry and Remote Sensing,19.6,"98.0%
2/76
Computers in Earth Sciences",21331,1087,88,3.069,3.48,Elsevier
Nano Today,19.6,"98.0%
3/185
Pharmaceutical Science",23189,1185,84,1.628,2.962,Elsevier
Science Advances,19.6,"96.0%
8/200
",168617,8602,87,2.636,4.324,American Association for the Advancement of Science
Journal of Clinical Investigation,19.6,"97.0%
14/668
General Medicine",41740,2132,87,2.174,4.721,American Society for Clinical Investigation
National Science Review,19.5,"95.0%
9/200
",21653,1112,88,2.481,2.903,Oxford University Press
Journal of Controlled Release,19.4,"98.0%
4/185
Pharmaceutical Science",50911,2625,89,1.68,2.47,Elsevier
ACS Central Science,19.3,"96.0%
9/274
General Chemical Engineering",15659,810,86,1.923,3.286,American Chemical Society
IEEE Transactions on Robotics,19.3,"97.0%
27/970
Electrical and Electronic Engineering",18070,934,89,4.437,2.965,IEEE
Nature Ecology and Evolution,19.3,"99.0%
7/731
Ecology, Evolution, Behavior and Systematics",15613,808,81,3.641,4.357,Springer Nature
Radiology,19.2,"99.0%
3/346
Radiology, Nuclear Medicine and Imaging",24782,1289,88,3.548,3.856,Radiological Society of North America Inc.
Energy Policy,19.1,"98.0%
7/406
Management, Monitoring, Policy and Law",38347,2005,91,2.2,2.692,Elsevier
Reliability Engineering and System Safety,19.1,"98.0%
3/235
Safety, Risk, Reliability and Quality",49918,2618,94,2.84,2.647,Elsevier
Clinical Cancer Research,19.0,"94.0%
24/415
Oncology",43833,2312,89,1.973,4.8,American Association for Cancer Research Inc.
TrAC - Trends in Analytical Chemistry,18.6,"99.0%
1/79
Spectroscopy",28580,1534,89,2.291,2.089,Elsevier
Engineering with Computers,18.6,"99.0%
1/361
Modeling and Simulation",21533,1158,91,1.629,1.11,Springer Nature
Information Processing and Management,18.6,"99.0%
1/69
Media Technology",21720,1168,91,2.906,2.062,Elsevier
Pharmacological Research,18.6,"96.0%
11/321
Pharmacology",33120,1785,89,2.026,2.664,Elsevier
Journal of Colloid and Interface Science,18.5,"95.0%
6/132
Surfaces, Coatings and Films",160551,8671,94,1.324,1.885,Elsevier
Leukemia,18.5,"94.0%
8/142
Hematology",21456,1161,90,2.466,3.458,Springer Nature
IEEE Transactions on Medical Imaging,18.3,"97.0%
2/64
Radiological and Ultrasound Technology",24091,1316,91,2.997,2.629,IEEE
Food Chemistry,18.3,"98.0%
3/160
Analytical Chemistry",220478,12033,92,2.153,1.952,Elsevier
Gut Microbes,18.2,"97.0%
5/173
Gastroenterology",20211,1108,86,2.188,3.609,Taylor & Francis
Clinical Gastroenterology and Hepatology,18.2,"96.0%
6/173
Gastroenterology",24041,1321,85,2.893,3.509,Elsevier
Environmental Science and Technology,18.1,"93.0%
25/404
General Chemistry",129285,7144,87,2.126,3.69,American Chemical Society
Chemosphere,18.1,"99.0%
7/687
Public Health, Environmental and Occupational Health",272852,15055,89,1.544,1.896,Elsevier
Mechanical Systems and Signal Processing,18.0,"99.0%
2/157
Aerospace Engineering",71818,3986,93,2.794,2.636,Elsevier
Cancer Research,17.8,"93.0%
26/415
Oncology",28120,1582,90,1.695,3.879,American Association for Cancer Research Inc.
Journal for ImmunoTherapy of Cancer,17.8,"96.0%
13/321
Pharmacology",34264,1928,87,1.745,4.22,BMJ Publishing Group
IEEE Transactions on Intelligent Transportation Systems,17.8,"98.0%
2/133
Automotive Engineering",95995,5383,86,2.906,2.589,IEEE
Acta Biomaterialia,17.8,"95.0%
14/323
Biomedical Engineering",45329,2550,90,1.574,2.007,Acta Materialia Inc
Ultrasonics Sonochemistry,17.7,"99.0%
1/51
Acoustics and Ultrasonics",30572,1730,89,2.036,1.823,Elsevier
ACM Transactions on Graphics,17.7,"97.0%
4/127
Computer Graphics and Computer-Aided Design",19774,1116,82,3.063,2.965,Association for Computing Machinery
Biomaterials Advances,17.7,"95.0%
15/323
Biomedical Engineering",39239,2215,95,1.149,1.216,Elsevier
Renewable Energy,17.6,"98.0%
7/344
General Engineering",130366,7425,88,2.035,2.08,Elsevier
Plant Biotechnology Journal,17.5,"99.0%
3/414
Agronomy and Crop Science",16996,969,92,2.183,2.907,John Wiley & Sons
New Phytologist,17.5,"98.0%
9/534
Plant Science",48303,2755,90,2.421,3.293,John Wiley & Sons
International Journal of Production Research,17.3,"97.0%
7/218
Management Science and Operations Research",27594,1597,93,2.563,2.242,Taylor & Francis
IEEE Transactions on Wireless Communications,17.3,"99.0%
7/665
Applied Mathematics",57515,3325,84,3.255,4.454,IEEE
Sustainable Energy Technologies and Assessments,17.3,"95.0%
13/299
Energy Engineering and Power Technology",49244,2845,92,1.713,1.606,Elsevier
CCS Chemistry,17.1,"93.0%
26/404
General Chemistry",18053,1055,95,1.276,2.624,Chinese Chemical Society
Future Generation Computer Systems,17.1,"97.0%
5/224
Hardware and Architecture",27918,1628,89,2.227,1.551,Elsevier
Journal of Membrane Science,17.1,"97.0%
1/19
Filtration and Separation",63394,3713,93,1.396,1.935,Elsevier
eBioMedicine,17.1,"97.0%
18/668
General Medicine",30937,1808,87,2.024,3.591,Elsevier
Nano Research,17.1,"97.0%
11/443
Condensed Matter Physics",67192,3918,91,1.269,2.367,Tsinghua University Press
International Journal of Plasticity,17.1,"97.0%
18/720
Mechanical Engineering",15065,883,91,2.615,3.531,Elsevier
Materials Today Physics,17.1,"98.0%
2/87
Physics and Astronomy (miscellaneous)",19910,1166,89,1.71,2.278,Elsevier
Fuel Processing Technology,17.0,"96.0%
11/274
General Chemical Engineering",19945,1170,96,1.563,1.602,Elsevier
IEEE Transactions on Communications,17.0,"96.0%
34/970
Electrical and Electronic Engineering",36848,2162,90,2.616,3.492,IEEE
IEEE Transactions on Intelligent Vehicles,17.0,"98.0%
3/160
Control and Optimization",15356,905,95,3.216,2.821,IEEE
eClinicalMedicine,17.0,"97.0%
19/668
General Medicine",33086,1951,86,2.737,3.633,Elsevier
Resources Policy,17.0,"99.0%
3/1105
Law",53896,3177,89,1.948,2.381,Elsevier
Oxidative Medicine and Cellular Longevity,16.9,"95.0%
22/441
Biochemistry",39269,2324,98,1.387,1.673,John Wiley & Sons
Composites Science and Technology,16.8,"97.0%
9/344
General Engineering",32587,1944,91,1.817,1.894,Elsevier
Journal of Nanobiotechnology,16.8,"97.0%
11/433
Medicine (miscellaneous)",37067,2200,84,1.596,2.282,Springer Nature
Environmental Impact Assessment Review,16.8,"98.0%
10/841
Geography, Planning and Development",16454,982,92,2.179,2.681,Elsevier
IEEE Transactions on Industrial Electronics,16.8,"96.0%
36/970
Electrical and Electronic Engineering",88598,5285,93,2.932,3.006,IEEE Industrial Electronics Society
Journal of Materials Chemistry A,16.7,"93.0%
27/404
General Chemistry",157401,9410,84,1.335,2.462,Royal Society of Chemistry
Materials Today Energy,16.7,"96.0%
3/80
Nuclear Energy and Engineering",17797,1067,89,1.292,2.116,Elsevier
Proceedings of the National Academy of Sciences of the United States of America,16.5,"95.0%
10/200
",226600,13719,87,2.383,3.414,National Academy of Sciences
Energy,16.5,"99.0%
2/361
Modeling and Simulation",235823,14307,88,2.164,2.211,Elsevier
Science of the Total Environment,16.4,"94.0%
12/219
Environmental Engineering",558057,34000,88,1.835,2.137,Elsevier
European Journal of Nuclear Medicine and Molecular Imaging,16.4,"98.0%
6/346
Radiology, Nuclear Medicine and Imaging",24263,1479,91,1.925,2.392,Springer Nature
IEEE Internet of Things Journal,16.3,"97.0%
6/224
Hardware and Architecture",129924,7954,86,2.571,2.483,IEEE
Journal of Machine Learning Research,16.3,"99.0%
3/293
Statistics and Probability",16936,1040,88,3.069,2.019,Microtome Publishing
Small,16.1,"94.0%
19/314
Biotechnology",163984,10192,86,1.675,3.301,John Wiley & Sons
Astrophysical Journal Letters,16.1,"93.0%
7/103
Space and Planetary Science",42993,2668,88,2.034,3.713,American Astronomical Society
Green Chemistry,16.1,"93.0%
12/176
Pollution",55274,3431,88,1.672,1.928,Royal Society of Chemistry
Environmental Technology and Innovation,16.1,"98.0%
11/534
Plant Science",36647,2277,91,1.49,1.433,Elsevier
Environmental Pollution,16.0,"98.0%
3/131
Toxicology",137969,8626,89,1.578,2.205,Elsevier
Materials Horizons,15.9,"96.0%
38/970
Electrical and Electronic Engineering",25462,1597,79,1.679,2.885,Royal Society of Chemistry
American Journal of Transplantation,15.9,"98.0%
6/275
Pharmacology (medical)",17126,1080,90,1.715,2.439,Elsevier
IEEE Transactions on Power Systems,15.9,"96.0%
39/970
Electrical and Electronic Engineering",33221,2094,94,2.764,3.629,IEEE
Transportation Research Part C: Emerging Technologies,15.9,"97.0%
9/407
Civil and Structural Engineering",23397,1469,89,2.864,2.734,Elsevier
Briefings in Bioinformatics,15.8,"94.0%
25/474
Information Systems",44163,2790,85,1.718,2.39,Oxford University Press
Pattern Recognition,15.8,"95.0%
9/183
Signal Processing",44200,2802,89,2.669,2.058,Elsevier
Journal of King Saud University - Computer and Information Sciences,15.8,"95.0%
11/239
General Computer Science",25699,1624,88,2.459,1.357,Springer Nature
Plant Cell,15.7,"97.0%
12/534
General Chemistry",57724,3681,95,1.253,1.677,Elsevier
Sensors and Actuators B: Chemical,15.6,"97.0%
4/174
Instrumentation",106064,6813,92,1.332,1.509,Elsevier
Physical Review Letters,15.6,"94.0%
15/246
General Physics and Astronomy",141008,9064,88,2.412,2.856,American Physical Society
Journal of Neuroinflammation,15.6,"98.0%
4/194
Neurology",19372,1239,85,1.987,3.183,Springer Nature
Critical Care,15.6,"97.0%
4/118
Critical Care and Intensive Care Medicine",20386,1306,88,2.643,2.738,Springer Nature
Clinical Nutrition,15.5,"97.0%
4/144
Nutrition and Dietetics",22731,1470,91,2.017,2.212,Elsevier
Small Methods,15.5,"92.0%
31/404
General Chemistry",25729,1662,89,1.411,2.638,John Wiley & Sons
Neuroscience and Biobehavioral Reviews,15.5,"98.0%
2/90
Behavioral Neuroscience",25608,1649,90,2.617,3.076,Elsevier
IEEE Transactions on Circuits and Systems for Video Technology,15.4,"97.0%
2/69
Media Technology",40428,2627,85,2.888,1.858,IEEE
Annals of Internal Medicine,15.4,"95.0%
9/171
Internal Medicine",18348,1191,60,3.267,3.378,American College of Physicians
Cell Death and Disease,15.4,"93.0%
7/100
Cellular and Molecular Neuroscience",57507,3738,88,1.634,2.773,Springer Nature
Oncogene,15.4,"95.0%
16/348
Genetics",22078,1437,92,1.455,2.489,Springer Nature
Acta Materialia,15.4,"95.0%
9/175
Metals and Alloys",48330,3140,88,2.545,2.972,Acta Materialia Inc
IEEE Transactions on Power Electronics,15.3,"95.0%
43/970
Electrical and Electronic Engineering",80390,5246,90,2.788,3.083,IEEE
Journal of Environmental Sciences (China),15.2,"96.0%
9/240
General Environmental Science",24018,1576,97,1.411,1.673,Chinese Academy of Sciences
Journal of CO2 Utilization,15.2,"91.0%
8/91
Chemical Engineering (miscellaneous)",19820,1305,89,1.521,1.618,Elsevier
"Brain, Behavior, and Immunity",15.2,"97.0%
1/23
Endocrine and Autonomic Systems",17795,1168,87,1.708,2.704,Elsevier
Laser and Photonics Reviews,15.1,"96.0%
18/443
Condensed Matter Physics",21824,1441,89,2.413,2.679,John Wiley & Sons
Separation and Purification Technology,15.1,"95.0%
7/160
Analytical Chemistry",144607,9576,95,1.383,1.697,Elsevier
Computers and Electronics in Agriculture,15.1,"99.0%
1/126
Horticulture",50651,3363,87,2.349,1.834,Elsevier
International Journal of Biological Sciences,15.1,"97.0%
16/731
Ecology, Evolution, Behavior and Systematics",20915,1381,87,1.682,2.715,Ivyspring International Publisher
Waste Management,15.1,"89.0%
16/150
Waste Management and Disposal",31626,2101,90,1.732,1.726,Elsevier
Knowledge-Based Systems,15.0,"95.0%
10/190
Information Systems and Management",65757,4394,85,2.344,1.934,Elsevier
Transportation Research Part E: Logistics and Transportation Review,15.0,"97.0%
10/407
Civil and Structural Engineering",17839,1188,86,2.367,2.513,Elsevier
Expert Systems with Applications,15.0,"97.0%
10/344
General Engineering",141273,9435,89,2.548,1.854,Elsevier
Nano Letters,14.9,"97.0%
22/720
Mechanical Engineering",90646,6095,83,1.676,2.967,American Chemical Society
Journal of Power Sources,14.9,"95.0%
44/970
Electrical and Electronic Engineering",79593,5333,87,1.482,1.784,Elsevier
Materials and Design,14.9,"96.0%
23/720
Mechanical Engineering",61684,4150,88,1.847,1.727,Elsevier
Composite Structures,14.8,"97.0%
11/407
Civil and Structural Engineering",68228,4612,93,2.068,1.761,Elsevier
Composites Part A: Applied Science and Manufacturing,14.8,"95.0%
20/403
Mechanics of Materials",28571,1930,88,1.912,1.761,Elsevier
Advanced Healthcare Materials,14.8,"95.0%
8/185
Condensed Matter Physics",22155,1495,90,1.443,1.756,Springer Nature
Environmental Research,14.7,"98.0%
14/687
Public Health, Environmental and Occupational Health",131349,8965,89,1.561,1.822,Elsevier
British Journal of Cancer,14.7,"91.0%
34/415
Oncology",22242,1511,88,1.827,3.144,Springer Nature
Cell Reports Medicine,14.6,"96.0%
22/668
General Medicine",16023,1101,83,1.803,4.028,Elsevier
ACS Applied Materials and Interfaces,14.5,"91.0%
41/460
General Materials Science",321695,22250,85,1.264,1.921,American Chemical Society
Applied Soft Computing,14.5,"93.0%
33/490
Software",61646,4251,85,1.971,1.511,Elsevier
Land Use Policy,14.5,"98.0%
17/841
Geography, Planning and Development",28571,1975,92,1.978,1.894,Elsevier
Phytotherapy Research,14.4,"94.0%
17/321
Pharmacology",20192,1405,91,1.573,1.477,John Wiley & Sons
Journal of Business Ethics,14.4,"99.0%
6/1105
Law",18553,1292,92,3.01,3.039,Springer Nature
Information Sciences,14.4,"95.0%
18/375
Control and Systems Engineering",76118,5278,88,1.978,1.803,Elsevier
British Journal of Pharmacology,14.4,"95.0%
16/321
Pharmacology",15063,1043,90,1.51,2.344,John Wiley & Sons
Annals of Surgery,14.4,"99.0%
3/568
Surgery",28222,1956,91,2.407,2.593,Wolters Kluwer Health
Journal of Environmental Management,14.4,"94.0%
23/406
Management, Monitoring, Policy and Law",160879,11139,84,1.79,1.994,Elsevier
International Journal of Rock Mechanics and Mining Sciences,14.3,"99.0%
2/239
Geotechnical Engineering and Engineering Geology",15162,1057,87,2.471,2.481,Elsevier
Journal of Materials Processing Technology,14.3,"94.0%
11/175
Metals and Alloys",20355,1423,92,2.296,1.885,Elsevier
Desalination,14.3,"96.0%
9/279
Water Science and Technology",37555,2628,89,1.612,1.721,Elsevier
Engineering Geology,14.3,"99.0%
3/330
Geology",19996,1394,90,2.571,2.916,Elsevier
Building and Environment,14.3,"97.0%
18/841
Geography, Planning and Development",55831,3899,89,1.974,1.858,Elsevier
Fuel,14.2,"95.0%
11/212
Organic Chemistry",182617,12849,93,1.739,1.614,Elsevier
Horticulture Research,14.2,"98.0%
2/126
Horticulture",15966,1122,90,2.12,2.354,Oxford University Press
American Journal of Obstetrics and Gynecology,14.2,"98.0%
3/210
Obstetrics and Gynecology",19623,1384,87,2.754,2.772,Elsevier
Transportation Research Part D: Transport and Environment,14.2,"96.0%
13/407
Civil and Structural Engineering",20431,1437,87,2.328,2.301,Elsevier
International Journal of Mechanical Sciences,14.2,"98.0%
10/665
Applied Mathematics",41129,2898,91,2.204,2.188,Elsevier
"Astrophysical Journal, Supplement Series",14.1,"92.0%
8/103
Space and Planetary Science",16565,1175,86,2.276,3.344,American Astronomical Society
Food Control,14.1,"96.0%
14/404
Food Science",39697,2817,93,1.558,1.265,Elsevier
Corrosion Science,14.1,"94.0%
16/274
General Chemical Engineering",41995,2970,89,2.175,2.189,Elsevier
Computer Physics Communications,14.0,"95.0%
10/224
Hardware and Architecture",17886,1274,82,3.343,1.946,Elsevier
Cancer Letters,13.9,"90.0%
38/415
Oncology",20978,1504,88,1.544,2.756,Elsevier
Construction and Building Materials,13.9,"96.0%
9/239
Building and Construction",233395,16845,87,2.084,2.094,Elsevier
JAMA Network Open,13.8,"96.0%
25/668
General Medicine",102004,7387,84,2.696,3.546,American Medical Association
Interactive Learning Environments,13.8,"98.0%
25/1620
Education",15178,1101,88,2.978,1.976,Taylor & Francis
Science China Chemistry,13.8,"91.0%
36/404
General Chemistry",16749,1217,85,1.252,2.377,Science China Press
Soil and Tillage Research,13.6,"98.0%
8/414
Agronomy and Crop Science",16278,1199,93,2.045,1.854,Elsevier
Neurocomputing,13.6,"96.0%
5/121
Cognitive Neuroscience",69797,5137,86,1.943,1.471,Elsevier
IEEE Transactions on Geoscience and Remote Sensing,13.6,"96.0%
7/198
General Earth and Planetary Sciences",116488,8539,82,2.369,2.397,IEEE
Cardiovascular Diabetology,13.6,"96.0%
16/397
Cardiology and Cardiovascular Medicine",17386,1276,84,2.364,3.353,Springer Nature
Energy Research and Social Science,13.6,"99.0%
7/674
Social Sciences (miscellaneous)",19988,1469,87,2.024,2.53,Elsevier
Alzheimer's and Dementia,13.6,"98.0%
1/37
Developmental Neuroscience",24470,1797,74,2.9,3.6,John Wiley & Sons
LWT,13.6,"96.0%
16/404
Food Science",91109,6696,87,1.587,1.48,Elsevier
International Journal of Applied Earth Observation and Geoinformation,13.5,"97.0%
5/183
Earth-Surface Processes",26791,1979,84,2.214,2.241,Elsevier
IEEE Journal of Biomedical and Health Informatics,13.5,"95.0%
8/153
Health Informatics",29360,2171,88,1.975,1.649,IEEE
Photonics Research,13.5,"92.0%
17/232
Atomic and Molecular Physics, and Optics",15811,1169,85,1.952,1.994,Optica Publishing Group (formerly OSA)
ACS Sensors,13.4,"99.0%
1/97
Fluid Flow and Transfer Processes",26375,1963,83,1.469,1.757,American Chemical Society
Applied Surface Science,13.4,"94.0%
23/443
Condensed Matter Physics",159550,11895,92,1.193,1.31,Elsevier
Urban Forestry and Urban Greening,13.4,"96.0%
6/175
Forestry",17306,1289,89,1.85,2.065,Elsevier
Ecological Indicators,13.3,"97.0%
19/731
Ecology, Evolution, Behavior and Systematics",79032,5934,87,1.738,1.959,Elsevier
Agricultural Water Management,13.3,"97.0%
9/414
Agronomy and Crop Science",31889,2395,89,1.873,1.757,Elsevier
Journal of Energy Storage,13.3,"94.0%
50/970
Electrical and Electronic Engineering",150797,11360,85,1.85,1.76,Elsevier
Computers and Security,13.3,"99.0%
7/1105
Law",20096,1516,91,2.268,1.445,Elsevier
International Journal of Hydrogen Energy,13.3,"94.0%
24/443
Condensed Matter Physics",211562,15946,86,1.777,1.685,Elsevier
Psychological Medicine,13.2,"96.0%
21/580
Psychiatry and Mental Health",22643,1718,91,1.847,2.424,Cambridge University Press
Materials Chemistry Frontiers,13.2,"91.0%
28/324
Materials Chemistry",21876,1654,90,0.954,1.444,Royal Society of Chemistry
European Journal of Operational Research,13.2,"98.0%
6/361
Modeling and Simulation",34140,2586,89,2.618,2.239,Elsevier
IEEE/ASME Transactions on Mechatronics,13.2,"94.0%
51/970
Electrical and Electronic Engineering",21142,1598,90,2.399,2.243,IEEE
Computers and Industrial Engineering,13.2,"96.0%
11/344
General Engineering",41880,3166,86,1.987,1.628,Elsevier
ChemSusChem,13.1,"93.0%
18/274
General Chemical Engineering",26170,1998,89,1.162,1.845,John Wiley & Sons
World Development,13.1,"98.0%
17/1497
Sociology and Political Science",15902,1210,86,2.553,2.161,Elsevier
IEEE Transactions on Network Science and Engineering,13.1,"93.0%
32/507
Computer Networks and Communications",18840,1435,84,2.042,1.941,IEEE
Advanced Engineering Informatics,13.1,"92.0%
38/474
Information Systems",20012,1530,83,2.484,1.993,Elsevier
Hypertension,13.1,"93.0%
11/171
Internal Medicine",15775,1203,88,2.101,2.788,Wolters Kluwer Health
FEBS Journal,13.1,"92.0%
33/441
Biochemistry",18951,1445,89,1.412,2.212,John Wiley & Sons
Tunnelling and Underground Space Technology,13.0,"96.0%
9/239
Geotechnical Engineering and Engineering Geology",26774,2055,89,2.533,2.269,Elsevier
International Journal of Electrical Power and Energy Systems,13.0,"94.0%
52/970
Electrical and Electronic Engineering",46561,3581,90,1.611,1.714,Elsevier
Stroke,13.0,"97.0%
2/69
Advanced and Specialized Nursing",24932,1921,84,2.524,2.659,Wolters Kluwer Health
Alexandria Engineering Journal,12.9,"96.0%
12/344
General Engineering",46441,3595,86,1.932,1.037,Elsevier
Geoderma,12.9,"94.0%
10/164
Soil Science",24672,1920,89,1.827,2.067,Elsevier
IEEE Transactions on Multimedia,12.9,"96.0%
3/69
Media Technology",29931,2313,87,2.36,1.521,IEEE
Safety Science,12.8,"97.0%
3/109
Safety Research",16107,1261,92,2.205,1.427,Elsevier
Saudi Journal of Biological Sciences,12.8,"97.0%
7/228
General Agricultural and Biological Sciences",24027,1874,94,1.462,0.88,Elsevier
IEEE Journal of Emerging and Selected Topics in Power Electronics,12.8,"94.0%
54/970
Electrical and Electronic Engineering",28534,2221,92,2.056,2.31,IEEE
Food Research International,12.8,"95.0%
18/404
Food Science",62663,4896,86,1.702,1.698,Elsevier
Biomedicine and Pharmacotherapy,12.8,"94.0%
19/321
Pharmacology",80505,6306,87,1.561,1.775,Elsevier
Advanced Optical Materials,12.7,"92.0%
19/232
Atomic and Molecular Physics, and Optics",49786,3908,87,1.496,1.995,John Wiley & Sons
Materials Science and Engineering: A,12.7,"95.0%
31/720
Mechanical Engineering",77371,6085,89,1.91,1.955,Elsevier
Journal of Medical Virology,12.7,"94.0%
19/357
Infectious Diseases",38452,3022,82,0.949,1.291,John Wiley & Sons
Chemical Science,12.6,"90.0%
40/404
General Chemistry",78708,6237,83,1.464,2.138,Royal Society of Chemistry
International Journal of Infectious Diseases,12.6,"94.0%
20/357
Infectious Diseases",27752,2195,88,1.195,1.323,Elsevier
Energy and Buildings,12.6,"95.0%
33/720
Mechanical Engineering",46627,3697,87,1.83,1.631,Elsevier
American Journal of Clinical Nutrition,12.6,"95.0%
22/433
Medicine (miscellaneous)",15012,1192,90,1.747,2.111,Elsevier
IEEE Transactions on Dependable and Secure Computing,12.6,"94.0%
58/970
Electrical and Electronic Engineering",15323,1217,85,2.553,1.755,IEEE
Solar Energy,12.6,"88.0%
52/460
General Materials Science",40908,3247,89,1.545,1.314,Elsevier
International Journal of Cancer,12.6,"90.0%
42/415
Oncology",20200,1601,88,1.761,2.252,John Wiley & Sons
Journal of Nuclear Medicine,12.6,"96.0%
11/346
Radiology, Nuclear Medicine and Imaging",16088,1276,80,1.903,2.224,Society of Nuclear Medicine Inc.
Process Safety and Environmental Protection,12.5,"95.0%
10/235
Safety, Risk, Reliability and Quality",50718,4069,85,1.709,1.473,Institution of Chemical Engineers
ACS Sustainable Chemistry and Engineering,12.5,"93.0%
19/274
General Chemical Engineering",81747,6527,87,1.254,1.623,American Chemical Society
ACS Materials Letters,12.5,"92.0%
20/274
General Chemical Engineering",16786,1344,81,1.429,2.655,American Chemical Society
"Agriculture, Ecosystems and Environment",12.5,"99.0%
5/509
Animal Science and Zoology",18963,1513,92,1.785,1.946,Elsevier
IEEE Transactions on Information Forensics and Security,12.5,"96.0%
9/235
Safety, Risk, Reliability and Quality",22632,1815,82,2.669,2.135,IEEE
IEEE Transactions on Transportation Electrification,12.5,"96.0%
5/133
Automotive Engineering",22970,1835,88,2.849,2.622,IEEE
Cellular and Molecular Life Sciences,12.5,"93.0%
22/321
Pharmacology",23618,1886,87,1.482,2.299,Springer Nature
Accident Analysis and Prevention,12.5,"99.0%
9/1105
Law",16948,1353,88,2.591,2.007,Elsevier
Journal of Environmental Chemical Engineering,12.5,"95.0%
15/344
General Engineering",128388,10300,83,1.286,1.454,Elsevier
Solar Energy Materials and Solar Cells,12.4,"90.0%
30/305
Electronic, Optical and Magnetic Materials",23805,1927,87,1.467,1.284,Elsevier
Composites Communications,12.4,"94.0%
24/403
Mechanics of Materials",16968,1365,87,1.215,1.416,Elsevier
Chest,12.4,"95.0%
20/397
Cardiology and Cardiovascular Medicine",20510,1655,77,1.826,1.834,Elsevier
ISA Transactions,12.3,"97.0%
15/665
Applied Mathematics",25011,2031,87,1.799,1.552,International Society of Automation
Ecotoxicology and Environmental Safety,12.3,"96.0%
22/687
Public Health, Environmental and Occupational Health",72671,5931,84,1.332,1.553,Elsevier
Ain Shams Engineering Journal,12.2,"94.0%
18/344
General Engineering",21670,1774,84,2.209,1.076,Ain Shams University
Journal of Cellular Physiology,12.1,"92.0%
14/190
Physiology",15923,1317,89,1.093,1.377,John Wiley & Sons
International Journal of Energy Research,12.1,"94.0%
5/80
Nuclear Energy and Engineering",42810,3533,92,1.018,0.873,John Wiley & Sons
Gas Science and Engineering,12.1,"95.0%
11/239
Geotechnical Engineering and Engineering Geology",16697,1381,92,1.704,1.246,Elsevier
Nanophotonics,12.1,"93.0%
67/970
Electrical and Electronic Engineering",17544,1452,91,1.686,1.765,Walter de Gruyter
IEEE Transactions on Vehicular Technology,12.1,"97.0%
5/157
Aerospace Engineering",64717,5365,86,2.071,2.156,IEEE
Applied Materials Today,12.1,"88.0%
55/460
General Materials Science",18725,1543,83,1.206,1.421,Elsevier
Cell Reports Physical Science,12.0,"94.0%
20/344
General Engineering",19705,1642,83,1.266,2.098,Elsevier
Chemistry of Materials,12.0,"90.0%
27/274
General Chemical Engineering",45666,3815,86,1.313,2.065,American Chemical Society
IEEE Transactions on Automatic Control,12.0,"93.0%
26/375
Control and Systems Engineering",34125,2837,87,2.586,3.804,IEEE
IEEE Transactions on Automation Science and Engineering,12.0,"92.0%
27/375
Control and Systems Engineering",15203,1267,90,2.567,1.918,IEEE
International Journal of Fatigue,12.0,"97.0%
9/361
Modeling and Simulation",25670,2135,91,2.155,1.835,Elsevier
IEEE Transactions on Signal Processing,11.9,"92.0%
72/970
Electrical and Electronic Engineering",18495,1558,83,2.359,2.054,IEEE
IEEE Transactions on Mobile Computing,11.9,"92.0%
71/970
Electrical and Electronic Engineering",24666,2069,82,2.384,2.332,IEEE
Journal of Ambient Intelligence and Humanized Computing,11.8,"90.0%
23/239
General Computer Science",24987,2114,88,1.319,0.834,Springer Nature
Education and Information Technologies,11.8,"97.0%
38/1620
Education",28739,2440,86,2.689,1.654,Springer Nature
Journal of Alloys and Compounds,11.8,"94.0%
38/720
Mechanical Engineering",224820,19043,88,1.253,1.192,Elsevier
Progress in Organic Coatings,11.8,"93.0%
14/212
Organic Chemistry",28657,2421,89,1.456,1.229,Elsevier
Chinese Journal of Aeronautics,11.8,"96.0%
6/157
Aerospace Engineering",17757,1511,86,2.449,1.44,Elsevier
Colloids and Surfaces B: Biointerfaces,11.8,"89.0%
20/187
Physical and Theoretical Chemistry",27850,2368,91,0.945,0.978,Elsevier
IEEE Systems Journal,11.8,"92.0%
28/375
Control and Systems Engineering",21808,1856,91,1.477,1.276,IEEE
Blood Advances,11.7,"91.0%
13/142
Hematology",26243,2250,88,1.659,2.901,American Society of Hematology
ACS Photonics,11.7,"92.0%
74/970
Electrical and Electronic Engineering",21563,1836,83,1.705,1.992,American Chemical Society
BMJ Global Health,11.7,"97.0%
9/320
Health Policy",18008,1541,85,2.121,2.451,BMJ Publishing Group
Journal of Experimental Botany,11.7,"96.0%
18/534
Plant Science",24117,2053,93,1.422,1.778,Oxford University Press
Neural Computing and Applications,11.7,"90.0%
49/490
Software",57424,4888,85,1.61,1.102,Springer Nature
Energy Reports,11.7,"81.0%
15/78
General Energy",77403,6591,90,1.393,1.172,Elsevier
Journal of Medical Internet Research,11.7,"92.0%
12/153
Health Informatics",46306,3964,80,1.96,1.992,JMIR Publications Inc.
Analytical Chemistry,11.6,"92.0%
13/160
Analytical Chemistry",98484,8482,85,1.256,1.533,American Chemical Society
Plant Journal,11.6,"96.0%
19/534
Plant Science",21969,1901,84,1.682,2.275,John Wiley & Sons
Journal of Industrial and Engineering Chemistry,11.6,"89.0%
30/274
General Chemical Engineering",26162,2259,91,1.132,1.121,Korean Society of Industrial Engineering Chemistry
Phytomedicine,11.6,"98.0%
2/112
Complementary and Alternative Medicine",32362,2784,84,1.703,1.694,Elsevier
Plant Physiology,11.5,"96.0%
21/534
Plant Science",23454,2047,87,1.656,2.162,American Society of Plant Biologists
Journal of Medicinal Chemistry,11.5,"91.0%
13/156
Drug Discovery",46179,4005,84,1.55,1.801,American Chemical Society
Computer Communications,11.5,"91.0%
45/507
Computer Networks and Communications",15775,1366,86,1.555,1.114,Elsevier
Measurement: Journal of the International Measurement Confederation,11.5,"94.0%
10/174
Materials Chemistry",38315,3332,92,1.708,1.3,Elsevier
Journal of Building Engineering,11.5,"99.0%
2/203
Architecture",110264,9556,85,1.974,1.636,Elsevier
JCI Insight,11.5,"96.0%
27/668
General Medicine",24895,2157,85,1.381,2.917,American Society for Clinical Investigation
Biomedical Signal Processing and Control,11.5,"91.0%
16/183
Signal Processing",46476,4057,87,1.65,1.229,Elsevier
Complex and Intelligent Systems,11.5,"97.0%
6/201
Endocrinology, Diabetes and Metabolism",28337,2461,92,1.767,2.183,Endocrine Society
Cancer,11.5,"89.0%
45/415
Oncology",16327,1420,87,1.902,2.947,John Wiley & Sons
Translational Psychiatry,11.5,"95.0%
28/580
Psychiatry and Mental Health",22784,1987,85,1.593,2.453,Springer Nature
Scripta Materialia,11.5,"94.0%
41/720
Mechanical Engineering",23572,2041,91,1.574,1.829,Acta Materialia Inc
Biomaterials Science,11.4,"86.0%
63/460
General Materials Science",23366,2055,87,0.831,1.215,Royal Society of Chemistry
Ecological Informatics,11.4,"97.0%
16/665
Applied Mathematics",17602,1545,87,1.795,1.491,Elsevier
IEEE Transactions on Antennas and Propagation,11.4,"91.0%
81/970
Electrical and Electronic Engineering",48299,4237,86,2.078,1.718,IEEE
European Journal of Cancer,11.4,"89.0%
46/415
Oncology",21074,1847,77,1.986,2.691,Elsevier
BMC Medicine,11.3,"95.0%
30/668
General Medicine",20650,1821,80,1.929,2.846,Springer Nature
European Journal of Medicinal Chemistry,11.3,"93.0%
15/212
Organic Chemistry",38375,3408,88,1.328,1.142,Elsevier
Science China Materials,11.3,"85.0%
65/460
General Materials Science",17385,1537,86,0.966,1.663,Science China Press
Engineering Structures,11.2,"92.0%
29/407
Civil and Structural Engineering",73496,6556,89,2.217,1.803,Elsevier
Agricultural and Forest Meteorology,11.1,"96.0%
6/149
Atmospheric Science",17487,1581,89,1.567,1.903,Elsevier
Catena,11.1,"96.0%
7/183
Earth-Surface Processes",35239,3185,86,1.643,1.684,Elsevier
Journal of Manufacturing Processes,11.1,"89.0%
23/218
Management Science and Operations Research",40461,3648,85,2.032,1.556,Elsevier
Journal of Hydrology,11.1,"95.0%
14/279
Water Science and Technology",65831,5932,86,1.674,1.911,Elsevier
Environmental Research Letters,11.1,"96.0%
27/687
Public Health, Environmental and Occupational Health",39463,3540,82,1.634,2.144,Institute of Physics Publishing
Journal of Infectious Diseases,11.1,"92.0%
26/357
Infectious Diseases",24866,2239,87,1.229,2.038,Oxford University Press
Computer Methods and Programs in Biomedicine,11.1,"89.0%
50/490
Software",23456,2118,87,1.627,1.13,Elsevier
International Review of Financial Analysis,11.1,"95.0%
15/333
Finance",20266,1824,77,2.422,2.288,Elsevier
Automatica,11.1,"91.0%
33/375
Control and Systems Engineering",23664,2135,87,2.35,3.054,Elsevier
"Environment, Development and Sustainability",11.1,"96.0%
33/841
Geography, Planning and Development",36078,3249,91,1.346,0.958,Springer Nature
Talanta,11.0,"89.0%
17/160
Analytical Chemistry",52465,4762,89,1.145,0.976,Elsevier
Microporous and Mesoporous Materials,11.0,"93.0%
31/443
Condensed Matter Physics",23194,2105,91,0.99,1.003,Elsevier
Advanced Materials Technologies,11.0,"91.0%
36/403
Mechanics of Materials",26662,2413,88,1.153,1.549,John Wiley & Sons
Applied Thermal Engineering,11.0,"95.0%
5/97
Fluid Flow and Transfer Processes",82134,7444,87,1.99,1.579,Elsevier
Journal of Allergy and Clinical Immunology: In Practice,11.0,"86.0%
32/231
Immunology and Allergy",20994,1913,85,1.539,1.834,"American Academy of Allergy, Asthma and Immunology"
Solar RRL,10.9,"90.0%
91/970
Electrical and Electronic Engineering",20361,1865,87,0.8,1.544,John Wiley & Sons
Cancer Cell International,10.9,"90.0%
33/348
Genetics",19397,1786,86,1.097,1.5,Springer Nature
International Journal of Nanomedicine,10.9,"93.0%
10/152
Biophysics",21916,2018,79,1.055,1.306,Dove Medical Press
Life Sciences,10.9,"98.0%
2/77
General Pharmacology, Toxicology and Pharmaceutics",39198,3580,87,1.073,1.315,Elsevier
Combustion and Flame,10.9,"91.0%
21/246
General Physics and Astronomy",23656,2177,87,1.871,2.015,Elsevier
Cities,10.9,"97.0%
32/1497
Sociology and Political Science",23064,2125,83,2.065,1.839,Elsevier
Lab on a Chip,10.8,"89.0%
47/441
Biochemistry",16678,1549,84,1.163,1.201,Royal Society of Chemistry
Urban Climate,10.8,"97.0%
8/288
Urban Studies",15686,1458,83,1.54,1.563,Elsevier
NeuroImage,10.8,"93.0%
8/121
Cognitive Neuroscience",32008,2964,88,1.56,2.074,Elsevier
Rock Mechanics and Rock Engineering,10.8,"98.0%
7/330
Geology",19423,1796,88,1.994,1.956,Springer Nature
Polymer Testing,10.8,"92.0%
17/212
General Chemical Engineering",18208,1683,89,1.072,0.982,Taiwan Institute of Chemical Engineers
Frontiers in Immunology,10.8,"85.0%
34/231
Immunology and Allergy",268044,24712,84,1.259,1.941,Frontiers Media S.A.
Cell Death Discovery,10.7,"85.0%
15/100
Cellular and Molecular Neuroscience",19150,1796,86,1.202,1.986,Springer Nature
Finance Research Letters,10.7,"94.0%
18/333
Finance",44370,4136,75,1.918,1.711,Elsevier
Geoenergy Science and Engineering,10.7,"92.0%
18/239
Geotechnical Engineering and Engineering Geology",51896,4840,89,1.594,1.167,Elsevier
Emerging Infectious Diseases,10.7,"92.0%
28/357
Infectious Diseases",21489,2007,83,1.473,1.879,Centers for Disease Control and Prevention (CDC)
European Radiology,10.7,"95.0%
17/346
Radiology, Nuclear Medicine and Imaging",35315,3310,93,1.67,1.535,Springer Nature
Tribology International,10.7,"93.0%
50/720
Mechanical Engineering",33611,3145,87,1.945,1.377,Elsevier
Computers and Electrical Engineering,10.7,"90.0%
92/970
Electrical and Electronic Engineering",24797,2319,82,1.628,1.053,Elsevier
Materials Today Chemistry,10.7,"88.0%
20/167
Polymers and Plastics",21552,2012,83,1.057,1.28,Elsevier
Advanced Electronic Materials,10.7,"87.0%
38/305
Electronic, Optical and Magnetic Materials",16509,1547,88,1.241,1.478,John Wiley & Sons
IEEE Transactions on Circuits and Systems,10.6,"93.0%
24/344
General Engineering",19720,1863,83,2.233,1.734,IEEE
International Journal of Heat and Mass Transfer,10.6,"93.0%
7/97
Fluid Flow and Transfer Processes",52298,4940,88,1.89,1.299,Elsevier
Neural Networks,10.6,"92.0%
10/121
Cognitive Neuroscience",21501,2026,82,2.016,1.491,Elsevier
Electrochimica Acta,10.6,"87.0%
34/274
General Chemical Engineering",64636,6097,88,0.944,1.106,Elsevier
Philosophical Transactions of the Royal Society B: Biological Sciences,10.6,"95.0%
10/228
General Agricultural and Biological Sciences",16930,1590,99,1.64,1.732,Royal Society Publishing
Environmental Science and Pollution Research,10.6,"87.0%
19/148
Health, Toxicology and Mutagenesis",247965,23392,88,1.084,1.004,Springer Nature
Pediatrics,10.5,"97.0%
10/342
Pediatrics, Perinatology and Child Health",24580,2340,77,2.489,2.406,American Academy of Pediatrics
Food and Function,10.5,"92.0%
32/404
Food Science",37031,3526,86,1.138,1.194,Royal Society of Chemistry
Journal of Molecular Liquids,10.5,"92.0%
34/443
Condensed Matter Physics",114614,10964,84,1.205,0.935,Elsevier
IEEE Wireless Communications Letters,10.5,"90.0%
94/970
Electrical and Electronic Engineering",24332,2315,81,1.727,2.24,IEEE
IEEE Transactions on Network and Service Management,10.5,"90.0%
93/970
Electrical and Electronic Engineering",15977,1517,86,1.796,1.5,IEEE
Diabetes Research and Clinical Practice,10.5,"89.0%
27/247
Endocrinology, Diabetes and Metabolism",15308,1461,79,2.005,1.537,Elsevier
Cells,10.5,"88.0%
27/225
General Medicine",35464,3396,82,0.875,1.159,Royal Society of Chemistry
Wear,10.4,"92.0%
35/443
Condensed Matter Physics",17043,1635,91,1.8,1.204,Elsevier
Analytica Chimica Acta,10.4,"89.0%
9/79
Spectroscopy",40532,3910,86,1.117,1.004,Elsevier
Arabian Journal of Chemistry,10.4,"87.0%
35/274
General Chemical Engineering",27280,2623,88,1.24,0.888,Elsevier
Journal of Ethnopharmacology,10.4,"89.0%
34/321
Pharmacology",48869,4689,91,1.578,1.142,Elsevier
Thin-Walled Structures,10.4,"92.0%
54/720
Mechanical Engineering",38633,3717,85,1.965,1.625,Elsevier
IEEE Transactions on Power Delivery,10.3,"90.0%
95/970
Electrical and Electronic Engineering",17034,1653,89,1.746,1.661,IEEE
IEEE Robotics and Automation Letters,10.3,"97.0%
5/160
Control and Optimization",54208,5265,82,2.047,1.481,IEEE
Applied Mathematical Modelling,10.3,"97.0%
20/665
Applied Mathematics",21948,2123,89,1.721,1.126,Elsevier
Aerospace Science and Technology,10.3,"95.0%
8/157
Aerospace Engineering",30058,2916,84,2.17,1.567,Elsevier
Atmospheric Chemistry and Physics,10.3,"92.0%
11/149
Atmospheric Science",32075,3126,86,1.408,2.112,Copernicus Publications
Journal of Polymers and the Environment,10.3,"87.0%
22/167
Polymers and Plastics",15555,1517,87,1.115,0.865,Springer Nature
PLOS Pathogens,10.2,"94.0%
5/82
Parasitology",27946,2747,84,1.217,1.987,Public Library of Science
ACS Applied Energy Materials,10.2,"90.0%
97/970
Electrical and Electronic Engineering",55479,5450,86,0.871,1.378,American Chemical Society
Cochrane Database of Systematic Reviews,10.2,"92.0%
20/275
Pharmacology (medical)",24459,2392,79,2.041,1.623,John Wiley & Sons
Surface and Coatings Technology,10.2,"91.0%
38/443
Condensed Matter Physics",42060,4105,87,1.593,1.211,Elsevier
IEEE Transactions on Visualization and Computer Graphics,10.2,"92.0%
10/127
Computer Graphics and Computer-Aided Design",18696,1829,88,2.13,1.059,IEEE
European Polymer Journal,10.2,"91.0%
18/212
Organic Chemistry",26849,2629,86,1.161,1.076,Elsevier
Neurology,10.2,"90.0%
38/400
Neurology (clinical)",32575,3202,71,1.823,2.401,Wolters Kluwer Health
Communications Earth and Environment,10.2,"95.0%
9/198
General Earth and Planetary Sciences",17767,1742,75,2.371,2.953,Springer Nature
International Journal of Pharmaceutics,10.1,"88.0%
21/185
Pharmaceutical Science",42307,4176,85,1.107,0.988,Elsevier
Journal of Analytical and Applied Pyrolysis,10.1,"87.0%
21/160
Analytical Chemistry",16398,1616,83,1.377,1.277,Elsevier
IEEE Transactions on Instrumentation and Measurement,10.1,"92.0%
13/174
Instrumentation",83294,8228,82,1.829,1.471,IEEE
IEEE Transactions on Industry Applications,10.1,"89.0%
99/970
Electrical and Electronic Engineering",28555,2822,87,1.694,1.626,IEEE
International Communications in Heat and Mass Transfer,10.1,"91.0%
39/443
Condensed Matter Physics",29934,2954,77,1.64,1.063,Elsevier
Marine Drugs,10.1,"92.0%
4/46
Engineering (miscellaneous)",46663,4676,81,1.67,1.061,Elsevier
Dianli Xitong Zidonghua/Automation of Electric Power Systems,10.0,"89.0%
100/970
Electrical and Electronic Engineering",18964,1903,86,1.602,1.398,Automation of Electric Power Systems Press
Plant Physiology and Biochemistry,10.0,"94.0%
28/534
Plant Science",25947,2584,83,1.369,1.322,Elsevier
Pharmaceutics,10.0,"88.0%
22/185
Nuclear and High Energy Physics",100985,10228,86,1.22,0.833,Springer Nature
Management Science,9.9,"87.0%
27/218
Management Science and Operations Research",16205,1640,86,2.878,5.72,INFORMS Institute for Operations Research and the Management Sciences
Nanoscale,9.9,"83.0%
76/460
General Materials Science",69515,7053,82,0.934,1.245,Royal Society of Chemistry
Inorganic Chemistry Frontiers,9.9,"90.0%
8/81
Inorganic Chemistry",25001,2532,81,0.949,1.276,Royal Society of Chemistry
Rheumatology,9.9,"92.0%
22/275
Pharmacology (medical)",22032,2227,90,1.373,1.721,Oxford University Press
"Chaos, Solitons and Fractals",9.9,"97.0%
3/89
Mathematical Physics",47199,4758,83,1.537,1.184,Elsevier
Materials Research Bulletin,9.9,"91.0%
61/720
Mechanical Engineering",15924,1607,87,1.0,0.943,Elsevier
Food and Chemical Toxicology,9.9,"93.0%
9/131
Toxicology",19237,1939,78,1.101,0.801,Elsevier
International Journal of Thermal Sciences,9.9,"92.0%
27/344
General Engineering",22577,2287,89,1.802,1.16,Elsevier
Vaccines,9.9,"91.0%
24/275
Library and Information Sciences",24251,2483,81,1.497,1.467,American Chemical Society
Ocean and Coastal Management,9.8,"97.0%
5/150
Oceanography",15291,1566,83,1.502,1.245,Elsevier
Journal of Neurology,9.8,"90.0%
18/194
Neurology",21212,2155,84,1.691,1.687,Springer Nature
Annals of Operations Research,9.8,"87.0%
28/218
Management Science and Operations Research",19290,1977,82,1.618,1.092,Springer Nature
Cellulose,9.8,"85.0%
24/167
Polymers and Plastics",26448,2695,86,1.095,0.964,Springer Nature
Biosensors,9.8,"92.0%
14/174
Biomedical Engineering",19153,1969,83,0.916,1.105,American Chemical Society
Case Studies in Construction Materials,9.7,"83.0%
39/232
Materials Science (miscellaneous)",33882,3510,81,1.859,1.613,Elsevier
IEEE Transactions on Engineering Management,9.7,"89.0%
105/970
Electrical and Electronic Engineering",17420,1792,84,2.262,1.134,IEEE
Monthly Notices of the Royal Astronomical Society,9.7,"90.0%
10/103
Space and Planetary Science",143744,14814,88,1.188,1.702,Oxford University Press
Marine Pollution Bulletin,9.7,"96.0%
6/150
Oceanography",47366,4906,83,1.2,1.402,Elsevier
Polymers,9.7,"85.0%
58/404
Mechanical Engineering",27194,2828,90,0.863,1.154,John Wiley & Sons
Earth and Planetary Science Letters,9.6,"97.0%
5/177
Geophysics",16158,1686,83,1.609,2.254,Elsevier
Colloids and Surfaces A: Physicochemical and Engineering Aspects,9.6,"85.0%
28/187
Physical and Theoretical Chemistry",84824,8882,86,0.999,0.944,Elsevier
Results in Physics,9.6,"89.0%
27/246
General Physics and Astronomy",34959,3630,82,1.244,0.699,Elsevier
Bioinformatics,9.6,"98.0%
6/293
Statistics and Probability",33492,3483,79,1.475,2.451,Oxford University Press
Journal of Water Process Engineering,9.6,"91.0%
21/235
Safety, Risk, Reliability and Quality",46300,4810,78,1.221,1.348,Elsevier
Journal of Sound and Vibration,9.6,"95.0%
3/51
Acoustics and Ultrasonics",18793,1955,88,1.913,1.534,Elsevier
Energy and Fuels,9.5,"86.0%
38/274
General Chemical Engineering",57124,6022,84,1.145,1.124,American Chemical Society
Materials Advances,9.5,"83.0%
21/124
Chemistry (miscellaneous)",25508,2684,80,1.116,1.115,Royal Society of Chemistry
Journal of Affective Disorders,9.5,"95.0%
14/313
Clinical Psychology",52616,5512,84,1.646,2.121,Elsevier
Journal of Lightwave Technology,9.5,"85.0%
33/232
Atomic and Molecular Physics, and Optics",34238,3603,84,1.758,1.294,IEEE
Journal of Materials Research and Technology,9.5,"88.0%
21/175
Metals and Alloys",93494,9846,83,1.749,1.318,Elsevier
Engineering Applications of Artificial Intelligence,9.5,"88.0%
112/970
Electrical and Electronic Engineering",40762,4287,82,1.888,1.652,Elsevier
Industrial Crops and Products,9.4,"92.0%
32/414
Agronomy and Crop Science",59603,6374,82,1.268,0.974,Elsevier
Biochemical Pharmacology,9.4,"86.0%
58/441
Biochemistry",17027,1814,85,1.236,1.599,Elsevier
Journal of Agricultural and Food Chemistry,9.3,"94.0%
13/228
General Agricultural and Biological Sciences",62943,6798,80,1.342,1.215,American Chemical Society
Journal of Materials Chemistry C,9.3,"85.0%
60/404
General Chemistry",64054,6866,81,1.003,1.22,Royal Society of Chemistry
Personality and Individual Differences,9.3,"91.0%
18/218
General Psychology",18360,1964,84,1.34,1.419,Elsevier
Computer Networks,9.3,"87.0%
63/507
Computer Networks and Communications",17395,1873,81,1.371,1.17,Elsevier
Applied Soil Ecology,9.3,"96.0%
8/231
Agricultural and Biological Sciences (miscellaneous)",15079,1629,83,1.264,1.456,Elsevier
IEEE Transactions on Microwave Theory and Techniques,9.3,"96.0%
3/67
Radiation",18726,2009,88,2.245,1.827,IEEE
IEEE Journal of Selected Topics in Applied Earth Observations and Remote Sensing,9.3,"90.0%
14/149
Atmospheric Science",35490,3805,81,1.57,1.349,IEEE
Nonlinear Dynamics,9.3,"95.0%
28/665
Applied Mathematics",37235,3999,83,1.561,1.201,Springer Nature
Appetite,9.3,"91.0%
19/218
General Psychology",15614,1682,80,1.322,1.184,Elsevier
Biomacromolecules,9.2,"84.0%
27/167
Polymers and Plastics",18726,2029,83,1.011,1.142,American Chemical Society
Atmospheric Research,9.2,"90.0%
15/149
Atmospheric Science",19081,2074,84,1.341,1.44,Elsevier
Minerals Engineering,9.2,"90.0%
24/239
Geotechnical Engineering and Engineering Geology",17435,1899,83,1.565,1.101,Elsevier
Optics and Laser Technology,9.2,"87.0%
121/970
Electrical and Electronic Engineering",40355,4383,88,1.623,1.0,Elsevier
Journal of Physics and Chemistry of Solids,9.2,"89.0%
47/443
Condensed Matter Physics",20430,2214,88,0.991,0.816,Elsevier
Nanomaterials,9.2,"85.0%
39/274
Inorganic Chemistry",17843,1931,91,1.109,0.81,Springer Nature
Molecular Ecology,9.1,"94.0%
43/731
Ecology, Evolution, Behavior and Systematics",15006,1644,87,1.233,1.707,John Wiley & Sons
Journal of Cosmology and Astroparticle Physics,9.1,"86.0%
13/95
Astronomy and Astrophysics",29682,3262,83,1.107,0.795,Institute of Physics Publishing
Applied Intelligence,9.1,"81.0%
86/450
Artificial Intelligence",36139,3968,83,1.209,0.932,Springer Nature
Social Science and Medicine,9.1,"98.0%
3/239
Electronic, Optical and Magnetic Materials",156967,17296,83,1.257,1.034,Elsevier
Nutrients,9.1,"88.0%
17/144
Organic Chemistry",35481,3938,86,1.222,1.352,American Chemical Society
ACS Applied Bio Materials,9.0,"84.0%
12/76
Biochemistry (medical)",21730,2411,83,0.774,0.894,American Chemical Society
Journal of Climate,9.0,"88.0%
17/149
Atmospheric Science",16992,1882,86,1.362,2.169,American Meteorological Society
Powder Technology,9.0,"85.0%
40/274
General Chemical Engineering",36634,4048,85,1.522,0.971,Elsevier
Computers and Geotechnics,9.0,"89.0%
26/239
Geotechnical Engineering and Engineering Geology",21716,2424,84,2.106,1.878,Elsevier
Physical Review D,9.0,"92.0%
7/91
Nuclear and High Energy Physics",152127,16922,83,1.225,1.458,American Physical Society
IEEE Geoscience and Remote Sensing Letters,9.0,"88.0%
27/239
Geotechnical Engineering and Engineering Geology",37537,4193,83,1.368,1.258,IEEE
IEEE Communications Letters,9.0,"93.0%
23/361
Modeling and Simulation",24150,2692,83,1.536,1.708,IEEE
IEEE Transactions on Aerospace and Electronic Systems,9.0,"91.0%
14/157
Aerospace Engineering",19391,2144,81,2.151,1.528,IEEE
IEEE Access,9.0,"90.0%
32/344
General Engineering",402859,44988,78,1.504,0.849,IEEE
International Journal of Molecular Sciences,9.0,"90.0%
21/212
Infectious Diseases",52177,5772,83,1.191,1.393,Frontiers Media S.A.
Astronomical Journal,8.9,"86.0%
14/103
Space and Planetary Science",20059,2264,82,1.264,2.229,American Astronomical Society
Astronomy and Astrophysics,8.9,"87.0%
13/103
Space and Planetary Science",89089,10000,81,1.429,1.968,EDP Sciences
Aquaculture,8.9,"95.0%
12/257
Aquatic Science",43338,4875,88,1.302,1.096,Elsevier
Frontiers in Pharmacology,8.9,"89.0%
29/275
Pharmacology (medical)",138968,15561,82,1.153,1.22,Frontiers Media S.A.
Sustainable Energy and Fuels,8.8,"81.0%
56/299
Energy Engineering and Power Technology",16443,1864,82,0.79,1.019,Royal Society of Chemistry
Engineering Failure Analysis,8.8,"90.0%
33/344
General Engineering",30060,3416,86,1.865,1.159,Elsevier
IEEE Transactions on Circuits and Systems II: Express Briefs,8.8,"86.0%
131/970
Electrical and Electronic Engineering",31970,3652,86,1.763,1.348,IEEE
Neural Regeneration Research,8.8,"94.0%
4/60
Neuroscience (miscellaneous)",15458,1760,87,0.9,1.181,Wolters Kluwer Health
Journal of Translational Medicine,8.8,"94.0%
40/668
General Medicine",26456,2999,81,1.321,1.997,Springer Nature
Atmospheric Environment,8.8,"88.0%
18/149
Atmospheric Science",19445,2220,86,1.15,1.206,Elsevier
Frontiers in Bioengineering and Biotechnology,8.8,"92.0%
5/61
Histology",57091,6477,84,1.07,0.974,Frontiers Media S.A.
Frontiers in Plant Science,8.8,"92.0%
39/534
Plant Science",133202,15118,85,1.257,1.163,Frontiers Media S.A.
Cancers,8.8,"83.0%
68/415
General Agricultural and Biological Sciences",48725,5564,79,1.334,2.071,Springer Nature
Organic Letters,8.7,"88.0%
25/212
Organic Chemistry",61499,7049,86,1.034,1.235,American Chemical Society
Journal of Physical Chemistry Letters,8.7,"83.0%
31/187
Physical and Theoretical Chemistry",54718,6309,84,1.033,1.394,American Chemical Society
Journal of Cellular and Molecular Medicine,8.7,"79.0%
36/177
Molecular Medicine",22044,2535,79,0.943,1.264,John Wiley & Sons
Plant and Soil,8.7,"92.0%
43/534
Plant Science",16054,1855,91,1.232,1.262,Springer Nature
Antibiotics,8.7,"96.0%
3/77
General Engineering",18936,2206,81,0.974,0.974,Royal Society of Chemistry
Engineering Fracture Mechanics,8.6,"87.0%
90/720
Mechanical Engineering",21019,2455,82,1.576,1.255,Elsevier
Water Resources Research,8.6,"90.0%
27/279
Water Science and Technology",21377,2478,84,1.488,1.644,John Wiley & Sons
Psychiatry Research,8.6,"89.0%
59/580
Psychiatry and Mental Health",17652,2062,81,1.29,1.606,Elsevier
Proceedings of the Combustion Institute,8.6,"87.0%
87/720
Mechanical Engineering",15744,1833,74,1.868,1.524,Elsevier
Applied Acoustics,8.6,"93.0%
4/51
Acoustics and Ultrasonics",18848,2193,87,1.489,1.004,Elsevier
Molecules,8.6,"87.0%
26/212
Cognitive Neuroscience",32487,3790,85,1.092,1.479,Frontiers Media S.A.
Materials Chemistry and Physics,8.5,"88.0%
52/443
Condensed Matter Physics",48972,5764,87,1.007,0.808,Elsevier
Spectrochimica Acta - Part A: Molecular and Biomolecular Spectroscopy,8.5,"89.0%
18/174
Instrumentation",44722,5283,87,1.033,0.664,Elsevier
Dyes and Pigments,8.5,"83.0%
47/274
General Chemical Engineering",27549,3230,89,0.825,0.68,Elsevier
Surfaces and Interfaces,8.5,"82.0%
24/132
Surfaces, Coatings and Films",36653,4301,78,1.185,1.036,Elsevier
Journal of Natural Fibers,8.5,"80.0%
45/232
Materials Science (miscellaneous)",16387,1926,88,1.067,0.712,Taylor & Francis
International Journal of Disaster Risk Reduction,8.5,"95.0%
5/109
Safety Research",24084,2843,81,1.57,1.194,Elsevier
Journal of the American Heart Association,8.5,"86.0%
53/397
Cardiology and Cardiovascular Medicine",33908,3992,81,1.671,2.189,American Heart Association Inc.
Astrophysical Journal,8.4,"84.0%
16/103
Space and Planetary Science",106571,12759,82,1.255,2.038,American Astronomical Society
European Journal of Pharmacology,8.4,"83.0%
55/321
Pharmacology",22352,2652,82,0.98,1.197,Elsevier
Ocean Engineering,8.4,"89.0%
12/114
Ocean Engineering",83732,9929,84,1.885,1.394,Elsevier
Materials Science in Semiconductor Processing,8.4,"88.0%
53/443
Condensed Matter Physics",24575,2910,86,1.086,0.785,Elsevier
Frontiers in Chemistry,8.4,"82.0%
72/404
General Chemistry",32976,3905,85,0.894,0.83,Frontiers Media S.A.
Journal of Fungi,8.4,"92.0%
54/731
Surgery",15652,1857,88,1.689,1.95,John Wiley & Sons
Geophysical Research Letters,8.4,"95.0%
8/177
Geophysics",57484,6839,82,1.4,1.802,John Wiley & Sons
Scientific Data,8.4,"96.0%
11/293
Statistics and Probability",27778,3323,70,2.113,1.867,Springer Nature
Dianwang Jishu/Power System Technology,8.4,"87.0%
92/720
Mechanical Engineering",17444,2084,86,1.55,1.176,Power System Technology Press
"Physics Letters, Section B: Nuclear, Elementary Particle and High-Energy Physics",8.3,"91.0%
8/91
Nuclear and High Energy Physics",23425,2831,83,1.257,1.383,Elsevier
Journal of Drug Delivery Science and Technology,8.3,"82.0%
33/185
Pharmaceutical Science",31569,3798,82,0.896,0.817,Editions de Sante
Bioorganic Chemistry,8.3,"85.0%
31/212
Organic Chemistry",25570,3072,83,1.102,0.786,Elsevier
Optik,8.3,"85.0%
140/970
Electrical and Electronic Engineering",42215,5073,87,0.924,0.505,Elsevier
Vaccine,8.3,"98.0%
3/200
General Veterinary",30215,3661,80,0.968,1.248,Elsevier
Frontiers in Cellular Neuroscience,8.3,"75.0%
25/100
Cellular and Molecular Neuroscience",16075,1933,83,0.955,1.488,Frontiers Media S.A.
International Journal of Climatology,8.2,"85.0%
22/149
Atmospheric Science",16237,1983,84,1.076,1.163,John Wiley & Sons
Organic Chemistry Frontiers,8.2,"85.0%
32/212
Organic Chemistry",24896,3018,82,0.945,1.068,Royal Society of Chemistry
Electric Power Systems Research,8.2,"84.0%
147/970
Electrical and Electronic Engineering",29382,3603,84,1.372,1.137,Elsevier
IEEE Sensors Journal,8.2,"88.0%
20/174
Instrumentation",100313,12227,78,1.495,1.039,IEEE
Materials Characterization,8.2,"87.0%
58/443
Condensed Matter Physics",27969,3402,83,1.482,1.338,Elsevier
Toxins,8.2,"86.0%
18/131
General Materials Science",64473,7989,81,0.918,1.121,American Chemical Society
Forest Ecology and Management,8.1,"92.0%
14/175
Forestry",23572,2919,85,1.349,1.319,Elsevier
Journal of Electroanalytical Chemistry,8.1,"81.0%
50/274
General Chemical Engineering",25927,3195,86,0.729,0.76,Elsevier
Soft Computing,8.1,"99.0%
1/111
Geometry and Topology",27116,3365,82,1.045,0.674,Springer Nature
World Journal of Gastroenterology,8.1,"88.0%
20/173
Gastroenterology",16814,2087,82,1.381,1.418,Baishideng Publishing Group Inc
Biomass Conversion and Biorefinery,8.0,"69.0%
92/297
Renewable Energy, Sustainability and the Environment",33560,4176,91,1.041,0.702,Springer Nature
Journal of Neuroscience,8.0,"77.0%
25/111
General Neuroscience",21464,2678,82,1.298,1.963,Society for Neuroscience
Journal of Interpersonal Violence,8.0,"91.0%
28/313
Clinical Psychology",23309,2920,90,1.565,1.426,SAGE
Journal of Molecular Structure,8.0,"84.0%
34/212
Organic Chemistry",73958,9232,86,0.999,0.628,Elsevier
Journal of the Science of Food and Agriculture,7.9,"88.0%
48/414
Agronomy and Crop Science",24115,3054,87,1.014,0.798,John Wiley & Sons
Chemical Engineering Science,7.9,"83.0%
65/402
Industrial and Manufacturing Engineering",31158,3968,86,1.166,0.84,Elsevier
Soil Dynamics and Earthquake Engineering,7.9,"85.0%
59/407
Civil and Structural Engineering",16910,2150,83,1.875,1.324,Elsevier
Human Vaccines and Immunotherapeutics,7.9,"80.0%
62/321
Pharmacology",16795,2113,83,0.89,0.897,Taylor & Francis
Aging,7.9,"73.0%
11/40
Aging",28797,3666,83,0.766,1.078,Impact Journals
Analytical and Bioanalytical Chemistry,7.9,"79.0%
33/160
Analytical Chemistry",19478,2451,85,0.921,0.716,Springer Nature
Membranes,7.9,"75.0%
23/91
Food Science",62365,7901,80,1.171,1.115,Frontiers Media S.A.
Journal of Geophysical Research: Solid Earth,7.9,"94.0%
10/177
Geophysics",19069,2406,84,1.538,1.82,John Wiley & Sons
Journal of King Saud University - Science,7.9,"91.0%
17/200
",15689,1985,76,1.181,0.662,Scientific Scholar
Pest Management Science,7.8,"94.0%
10/187
Insect Science",17129,2207,86,1.317,0.901,John Wiley & Sons
Journal of Constructional Steel Research,7.8,"86.0%
33/239
Building and Construction",17684,2281,84,1.825,1.308,Elsevier
Microchimica Acta,7.8,"78.0%
35/160
Analytical Chemistry",16854,2148,79,0.804,0.833,Springer Nature
Journal of Dairy Science,7.8,"96.0%
19/509
Animal Science and Zoology",25040,3226,86,1.562,1.25,Elsevier
European Physical Journal C,7.8,"91.0%
8/87
Physics and Astronomy (miscellaneous)",36168,4647,79,1.407,1.343,Springer Nature
Natural Hazards,7.8,"92.0%
14/179
Earth and Planetary Sciences (miscellaneous)",18785,2411,86,1.248,0.942,Springer Nature
Bulletin of Engineering Geology and the Environment,7.7,"91.0%
29/330
Geology",15691,2033,82,1.364,1.161,Springer Nature
Marine and Petroleum Geology,7.7,"95.0%
3/57
Stratigraphy",15174,1975,85,1.339,1.073,Elsevier
Sensors and Actuators A: Physical,7.7,"87.0%
23/174
Instrumentation",23541,3070,79,1.286,0.825,Elsevier
Polymer,7.7,"82.0%
37/212
Organic Chemistry",28405,3689,82,1.02,0.843,Elsevier
Scientia Horticulturae,7.7,"94.0%
7/126
Horticulture",27411,3553,83,1.306,0.899,Elsevier
Polymer Composites,7.7,"80.0%
81/404
General Chemistry",23205,3030,81,1.311,0.8,John Wiley & Sons
Silicon,7.7,"81.0%
56/305
Electronic, Optical and Magnetic Materials",20938,2708,85,1.07,0.553,Springer Nature
Viruses,7.7,"83.0%
60/357
Media Technology",70266,9079,81,1.435,0.777,Springer Nature
Journal of Thermal Analysis and Calorimetry,7.7,"85.0%
65/443
Condensed Matter Physics",30929,4008,79,0.936,0.551,Springer Nature
Proceedings of the ACM on Human-Computer Interaction,7.7,"95.0%
29/674
Social Sciences (miscellaneous)",16547,2149,76,1.217,0.919,Association for Computing Machinery
Polymer Chemistry,7.6,"82.0%
38/212
Organic Chemistry",16456,2166,83,0.799,0.842,Royal Society of Chemistry
RSC Advances,7.6,"79.0%
82/404
General Chemistry",103335,13541,82,0.964,0.777,Royal Society of Chemistry
IEEE Antennas and Wireless Propagation Letters,7.6,"83.0%
161/970
Electrical and Electronic Engineering",19965,2631,80,1.776,1.682,IEEE
IEEE Electron Device Letters,7.6,"83.0%
160/970
Electrical and Electronic Engineering",15412,2018,79,1.578,1.15,IEEE
Catalysts,7.6,"81.0%
45/240
Mechanical Engineering",38481,5040,81,0.979,0.802,Springer Nature
Materials Science and Engineering: B,7.5,"84.0%
69/443
Condensed Matter Physics",18696,2501,84,1.015,0.778,Elsevier
ACS Applied Electronic Materials,7.4,"79.0%
63/305
Electronic, Optical and Magnetic Materials",20285,2743,79,1.007,1.045,American Chemical Society
Inorganic Chemistry,7.4,"77.0%
19/81
Inorganic Chemistry",64180,8703,82,0.938,0.958,American Chemical Society
Chemical Communications,7.4,"82.0%
31/175
Metals and Alloys",74804,10099,80,0.781,1.037,Royal Society of Chemistry
Journal of Psychiatric Research,7.4,"86.0%
78/580
Psychiatry and Mental Health",17745,2392,79,1.148,1.487,Elsevier
Drones,7.4,"87.0%
20/157
Organic Chemistry",21190,2922,82,1.019,0.731,Elsevier
Results in Engineering,7.3,"86.0%
46/344
Aerospace Engineering",17876,2457,83,1.806,1.277,Elsevier
Thermal Science and Engineering Progress,7.3,"85.0%
15/97
Fluid Flow and Transfer Processes",15146,2071,77,1.458,1.028,Elsevier
Energies,7.3,"90.0%
15/160
Physiology (medical)",54979,7490,86,1.089,1.023,Frontiers Media S.A.
Zhongguo Dianji Gongcheng Xuebao/Proceedings of the Chinese Society of Electrical Engineering,7.3,"82.0%
172/970
Electrical and Electronic Engineering",23514,3226,79,1.435,1.117,Chinese Society for Electrical Engineering
International Immunopharmacology,7.2,"75.0%
80/321
Pharmacology",40864,5648,77,0.98,1.239,Elsevier
Physical Review Applied,7.2,"84.0%
38/246
General Physics and Astronomy",26315,3632,80,1.199,1.288,American Physical Society
FASEB Journal,7.2,"75.0%
86/348
Genetics",19718,2720,80,0.886,1.319,John Wiley & Sons
Journal of the American Ceramic Society,7.2,"74.0%
82/324
Materials Chemistry",18653,2583,86,1.094,0.811,John Wiley & Sons
Journal of Food Composition and Analysis,7.2,"80.0%
78/404
Food Science",19822,2759,82,1.201,0.844,Elsevier
Microchemical Journal,7.2,"80.0%
16/79
Spectroscopy",44410,6183,75,1.006,0.75,Elsevier
ISPRS International Journal of Geo-Information,7.2,"90.0%
18/179
General Agricultural and Biological Sciences",20160,2800,85,0.906,0.736,Springer Nature
ACS Omega,7.1,"77.0%
92/404
General Chemistry",112414,15934,81,1.01,0.773,American Chemical Society
Journal of Supercomputing,7.1,"81.0%
26/136
Theoretical Computer Science",21589,3045,78,1.181,0.716,Springer Nature
Journal of the Mechanical Behavior of Biomedical Materials,7.1,"80.0%
79/403
Mechanics of Materials",15056,2123,86,1.129,0.75,Elsevier
PeerJ Computer Science,7.1,"80.0%
46/239
General Computer Science",15641,2194,65,1.386,0.719,PeerJ Inc.
PLOS Neglected Tropical Diseases,7.0,"87.0%
85/687
Public Health, Environmental and Occupational Health",22042,3129,80,1.443,1.37,Public Library of Science
Food Science and Nutrition,7.0,"78.0%
87/404
Food Science",17349,2486,78,1.237,0.849,John Wiley & Sons
Analyst,7.0,"79.0%
17/79
Spectroscopy",17731,2541,83,0.691,0.617,Royal Society of Chemistry
Journal of Luminescence,7.0,"83.0%
75/443
Condensed Matter Physics",19158,2745,88,0.886,0.585,Elsevier
Diamond and Related Materials,7.0,"83.0%
42/246
General Physics and Astronomy",22175,3187,80,1.006,0.792,Elsevier
Poultry Science,7.0,"95.0%
23/509
Animal Science and Zoology",25251,3618,80,1.368,1.063,Elsevier
Vacuum,7.0,"84.0%
27/174
Instrumentation",23717,3410,83,1.154,0.783,Elsevier
Frontiers in Environmental Science,7.0,"79.0%
49/240
General Environmental Science",37217,5343,82,0.893,0.859,Frontiers Media S.A.
Complexity,7.0,"90.0%
20/200
",15926,2265,85,0.813,0.433,John Wiley & Sons
ACS Applied Polymer Materials,6.9,"78.0%
46/212
Organic Chemistry",27227,3973,78,0.908,0.981,American Chemical Society
iScience,6.9,"89.0%
21/200
",63057,9105,77,1.0,1.363,Elsevier
Metabolites,6.9,"73.0%
66/247
Oncology",145364,20973,80,0.86,1.075,Frontiers Media S.A.
Proceedings of the Royal Society B: Biological Sciences,6.9,"91.0%
58/668
General Medicine",15420,2249,81,1.362,1.45,Royal Society Publishing
Journal of Food Processing and Preservation,6.9,"77.0%
90/404
Food Science",17344,2505,92,0.723,0.573,John Wiley & Sons
Journal of Fluid Mechanics,6.8,"92.0%
49/665
Applied Mathematics",30908,4522,80,1.671,1.471,Cambridge University Press
Optical Materials,6.8,"80.0%
194/970
Electrical and Electronic Engineering",36169,5357,80,0.953,0.699,Elsevier
Physical Review Research,6.8,"82.0%
43/246
General Physics and Astronomy",34927,5137,79,1.169,1.593,American Physical Society
Journal of Solid State Chemistry,6.8,"81.0%
82/443
Condensed Matter Physics",18495,2720,84,0.702,0.629,Elsevier
Food Bioscience,6.8,"77.0%
92/404
Food Science",31200,4563,74,1.207,1.108,Elsevier
Journal of the American Academy of Dermatology,6.8,"91.0%
13/147
Dermatology",21023,3107,72,1.437,1.315,Elsevier
Polymer Bulletin,6.7,"80.0%
86/443
Condensed Matter Physics",15806,2364,81,0.952,0.658,Springer Nature
Industrial and Engineering Chemistry Research,6.7,"80.0%
79/402
Industrial and Manufacturing Engineering",43891,6591,79,0.931,0.828,American Chemical Society
Journal of Geophysical Research: Atmospheres,6.7,"88.0%
21/177
Geophysics",20801,3110,78,1.128,1.545,John Wiley & Sons
Inorganic Chemistry Communications,6.7,"72.0%
52/187
Physical and Theoretical Chemistry",31521,4677,79,0.885,0.758,Elsevier
Agronomy,6.7,"84.0%
66/414
Organic Chemistry",50340,7521,81,0.844,0.981,John Wiley & Sons
Scientific Reports,6.7,"89.0%
22/200
",658772,98257,75,1.213,0.874,Springer Nature
Wireless Personal Communications,6.6,"78.0%
205/970
Electrical and Electronic Engineering",23653,3580,77,0.915,0.532,Springer Nature
Frontiers in Neuroscience,6.6,"66.0%
38/111
General Neuroscience",46052,7017,82,0.953,1.068,Frontiers Media S.A.
Structures,6.5,"94.0%
11/203
Architecture",43262,6631,77,1.525,1.085,Elsevier
Information (Switzerland),6.5,"74.0%
122/474
Atomic and Molecular Physics, and Optics",40547,6193,78,1.108,0.971,Optica Publishing Group
Arabian Journal for Science and Engineering,6.5,"88.0%
23/200
",25733,3986,83,1.003,0.521,Springer Nature
Medical Physics,6.4,"84.0%
54/346
Radiology, Nuclear Medicine and Imaging",16216,2550,79,1.283,0.986,John Wiley & Sons
Journal of Arthroplasty,6.4,"88.0%
40/332
Orthopedics and Sports Medicine",15508,2439,82,1.616,1.951,Elsevier
Journal of Physics D: Applied Physics,6.4,"87.0%
7/51
Acoustics and Ultrasonics",25554,4004,81,0.974,0.65,Institute of Physics Publishing
Materials,6.4,"79.0%
91/443
Atomic and Molecular Physics, and Optics",92097,14308,78,1.247,0.93,Optica Publishing Group (formerly OSA)
Clinical Oral Investigations,6.3,"88.0%
16/135
General Dentistry",16499,2608,79,1.46,0.983,Springer Nature
Journal of the Franklin Institute,6.3,"90.0%
61/665
Applied Mathematics",15007,2369,76,1.096,0.994,Elsevier
Agriculture (Switzerland),6.3,"83.0%
86/534
General Psychology",137677,21946,79,1.213,0.872,Frontiers Media S.A.
Journal of Physical Chemistry C,6.2,"74.0%
34/132
Surfaces, Coatings and Films",59841,9680,81,0.801,0.914,American Chemical Society
Nanotechnology,6.2,"79.0%
151/720
Mechanical Engineering",23953,3837,83,0.615,0.597,Institute of Physics Publishing
Physica A: Statistical Mechanics and its Applications,6.2,"92.0%
22/293
Statistics and Probability",20233,3279,79,1.081,0.669,Elsevier
Physical Review B,6.2,"77.0%
100/443
Condensed Matter Physics",123689,20077,79,0.962,1.303,American Physical Society
Frontiers in Psychiatry,6.2,"78.0%
127/580
Psychiatry and Mental Health",59327,9496,77,1.074,1.192,Frontiers Media S.A.
Frontiers in Genetics,6.2,"69.0%
31/100
Genetics (clinical)",55811,8931,85,0.745,0.863,Frontiers Media S.A.
Frontiers in Sustainable Food Systems,6.2,"90.0%
12/126
Horticulture",18015,2927,73,1.099,0.791,Frontiers Media S.A.
"Computers, Materials and Continua",6.1,"86.0%
51/361
Modeling and Simulation",26404,4307,75,0.675,0.431,Tech Science Press
Applied Physics Letters,6.1,"85.0%
13/87
Physics and Astronomy (miscellaneous)",57733,9442,78,1.001,0.896,American Institute of Physics
Journal of Organic Chemistry,6.1,"73.0%
57/212
Organic Chemistry",40674,6689,82,0.859,0.737,American Chemical Society
Journal of the Electrochemical Society,6.1,"77.0%
102/443
Condensed Matter Physics",32495,5305,79,0.76,0.774,Institute of Physics Publishing
BMC Geriatrics,6.1,"72.0%
34/120
Geriatrics and Gerontology",21718,3574,76,1.397,1.335,Springer Nature
Journal of Alzheimer's Disease,6.1,"82.0%
56/313
Clinical Psychology",19501,3223,78,0.83,1.166,SAGE
International Journal of Food Science and Technology,6.1,"76.0%
93/402
Industrial and Manufacturing Engineering",17336,2845,80,0.823,0.723,Oxford University Press
Electronics (Switzerland),6.1,"76.0%
228/970
Condensed Matter Physics",42748,7164,78,0.837,0.763,American Chemical Society
Dalton Transactions,6.0,"64.0%
29/81
Inorganic Chemistry",44396,7376,80,0.691,0.653,Royal Society of Chemistry
Open Forum Infectious Diseases,6.0,"73.0%
94/357
Infectious Diseases",16321,2699,75,1.026,1.441,Oxford University Press
IEEE Transactions on Electron Devices,6.0,"75.0%
238/970
Electrical and Electronic Engineering",25685,4306,79,1.389,0.788,IEEE
BMC Public Health,6.0,"81.0%
126/687
Public Health, Environmental and Occupational Health",64433,10728,73,1.387,1.359,Springer Nature
BMC Infectious Diseases,6.0,"72.0%
98/357
Infectious Diseases",27146,4517,73,1.16,1.035,Springer Nature
Water (Switzerland),6.0,"87.0%
32/257
General Medicine",71420,11927,74,1.01,0.962,Frontiers Media S.A.
Chemical Physics Letters,5.9,"80.0%
49/246
General Physics and Astronomy",15699,2673,78,0.687,0.546,Elsevier
Physical Review C,5.9,"80.0%
18/91
Nuclear and High Energy Physics",22098,3757,80,1.227,1.096,American Physical Society
Physical Review Materials,5.9,"84.0%
14/87
Physics and Astronomy (miscellaneous)",15606,2649,79,1.002,0.945,American Physical Society
BMC Genomics,5.9,"64.0%
125/348
Genetics",22088,3727,75,0.967,1.003,Springer Nature
International Journal of Advanced Manufacturing Technology,5.9,"77.0%
163/720
Mechanical Engineering",47809,8092,79,1.171,0.706,Springer Nature
BMC Psychiatry,5.8,"75.0%
145/580
Psychiatry and Mental Health",19113,3300,74,1.309,1.375,Springer Nature
Journal of Applied Polymer Science,5.8,"72.0%
37/132
Surfaces, Coatings and Films",35769,6164,82,0.7,0.572,John Wiley & Sons
Materials Today Communications,5.8,"72.0%
113/403
Mechanics of Materials",53586,9284,76,1.002,0.788,Elsevier
Frontiers in Marine Science,5.8,"86.0%
35/257
Aquatic Science",48982,8414,80,0.986,0.931,Frontiers Media S.A.
BMC Cancer,5.7,"69.0%
129/415
Oncology",30963,5431,77,0.964,1.178,Springer Nature
Fermentation,5.7,"81.0%
101/534
Surgery",21104,3679,80,1.288,1.023,Springer Nature
Crystal Growth and Design,5.6,"74.0%
113/443
Condensed Matter Physics",18736,3323,80,0.901,0.633,American Chemical Society
Annals of Surgical Oncology,5.6,"91.0%
49/568
Surgery",22110,3939,73,1.09,1.152,Springer Nature
Supportive Care in Cancer,5.6,"91.0%
14/165
Rehabilitation",17799,3188,78,1.13,1.109,Springer Nature
Brain Sciences,5.6,"56.0%
49/111
Condensed Matter Physics",15210,2760,74,0.887,0.76,John Wiley & Sons
European Physical Journal Plus,5.5,"79.0%
52/246
General Physics and Astronomy",26304,4758,74,0.934,0.487,Springer Nature
Advances in Space Research,5.5,"81.0%
34/177
Geophysics",15544,2817,80,1.288,0.704,Elsevier
Education Sciences,5.5,"84.0%
39/254
Ecology, Evolution, Behavior and Systematics",19048,3484,84,0.919,0.846,Frontiers Media S.A.
Genes,5.5,"61.0%
39/100
Public Health, Environmental and Occupational Health",85937,15758,74,1.04,1.027,Frontiers Media S.A.
Frontiers in Cardiovascular Medicine,5.5,"75.0%
99/397
Cardiology and Cardiovascular Medicine",51304,9281,78,0.898,0.975,Frontiers Media S.A.
PLOS ONE,5.4,"86.0%
28/200
",341421,62774,72,1.065,0.803,Public Library of Science
Soft Matter,5.4,"72.0%
122/443
Condensed Matter Physics",18629,3468,79,0.779,0.684,Royal Society of Chemistry
Materials Letters,5.4,"74.0%
182/720
Mechanical Engineering",42937,7925,80,0.664,0.591,Elsevier
Coatings,5.4,"66.0%
45/132
General Physics and Astronomy",41224,7847,77,0.911,0.819,American Institute of Physics
Journal of Physical Chemistry B,5.3,"64.0%
47/132
Surfaces, Coatings and Films",22965,4345,79,0.811,0.742,American Chemical Society
Physical Chemistry Chemical Physics,5.3,"75.0%
60/246
General Physics and Astronomy",57812,10957,78,0.795,0.698,Royal Society of Chemistry
Metals,5.3,"78.0%
39/175
Condensed Matter Physics",15910,3088,78,0.619,0.52,Royal Society of Chemistry
Organic and Biomolecular Chemistry,5.2,"63.0%
77/212
Organic Chemistry",21986,4198,78,0.712,0.6,Royal Society of Chemistry
Natural Product Research,5.2,"78.0%
114/534
Plant Science",16092,3073,88,0.787,0.398,Taylor & Francis
Entropy,5.2,"92.0%
7/89
Neurology (clinical)",51430,9830,76,1.007,0.993,Frontiers Media S.A.
Journal of Clinical Medicine,5.2,"86.0%
90/668
General Psychology",34036,6571,73,1.223,1.024,Springer Nature
Journal of Applied Physics,5.1,"79.0%
18/87
Physics and Astronomy (miscellaneous)",34768,6876,75,0.979,0.58,American Institute of Physics
Journal of Magnetism and Magnetic Materials,5.1,"70.0%
129/443
Condensed Matter Physics",21452,4169,78,0.922,0.521,Elsevier
Physical Review A,5.1,"64.0%
83/232
Atomic and Molecular Physics, and Optics",46901,9281,77,0.942,1.033,American Physical Society
BMC Pregnancy and Childbirth,5.1,"79.0%
44/210
Obstetrics and Gynecology",18036,3514,75,1.281,1.069,Springer Nature
Journal of Materials Science: Materials in Electronics,5.1,"70.0%
287/970
Electrical and Electronic Engineering",45995,9007,77,0.712,0.529,Springer Nature
Horticulturae,5.1,"88.0%
15/126
General Veterinary",34720,6826,74,1.059,0.783,Frontiers Media S.A.
New Journal of Chemistry,5.0,"63.0%
147/404
General Chemistry",44294,8842,78,0.521,0.493,Royal Society of Chemistry
Physica B: Condensed Matter,5.0,"69.0%
294/970
Electrical and Electronic Engineering",15454,3089,74,0.862,0.506,Elsevier
Environmental Monitoring and Assessment,5.0,"70.0%
72/240
General Environmental Science",22938,4551,77,0.82,0.69,Springer Nature
Crystals,5.0,"68.0%
139/443
Economics and Econometrics",24364,4841,74,0.7,0.553,Frontiers Media S.A.
Cancer Medicine,5.0,"73.0%
92/346
Radiology, Nuclear Medicine and Imaging",20759,4151,75,0.878,1.201,John Wiley & Sons
Mathematical Methods in the Applied Sciences,4.9,"93.0%
29/414
General Mathematics",16680,3400,71,1.027,0.63,John Wiley & Sons
Biochemical and Biophysical Research Communications,4.9,"58.0%
63/152
Biophysics",25948,5323,74,0.555,0.748,Elsevier
Applied Physics A: Materials Science and Processing,4.9,"63.0%
149/404
General Chemistry",18801,3823,76,0.75,0.486,Springer Nature
Atmosphere,4.9,"69.0%
82/271
General Agricultural and Biological Sciences",15664,3263,80,0.962,0.606,Chinese Society of Agricultural Engineering
Journal of Physical Chemistry A,4.8,"51.0%
91/187
Physical and Theoretical Chemistry",18879,3898,77,0.867,0.634,American Chemical Society
Optics Communications,4.8,"68.0%
308/970
Electrical and Electronic Engineering",15537,3261,78,0.864,0.526,Elsevier
BMC Health Services Research,4.8,"75.0%
80/320
Health Policy",28666,5966,71,1.306,1.174,Springer Nature
Machines,4.7,"82.0%
28/160
Mathematical Physics",16091,3469,74,0.9,0.483,Frontiers Media S.A.
BMJ Open,4.5,"84.0%
104/668
General Medicine",78823,17349,71,0.944,1.016,BMJ Publishing Group
Measurement Science and Technology,4.4,"82.0%
117/665
Applied Mathematics",17003,3822,73,1.057,0.585,Institute of Physics Publishing
BMC Medical Education,4.4,"83.0%
108/668
General Medicine",17544,3970,65,1.562,0.947,Springer Nature
Journal of Materials Engineering and Performance,4.4,"66.0%
239/720
Mechanical Engineering",16697,3763,80,0.907,0.549,Springer Nature
Minerals,4.4,"77.0%
75/330
General Earth and Planetary Sciences",26464,6110,77,0.73,0.64,Frontiers Media S.A.
Frontiers in Pediatrics,4.3,"76.0%
81/342
Pediatrics, Perinatology and Child Health",28446,6678,74,0.941,0.738,Frontiers Media S.A.
PeerJ,4.3,"83.0%
114/668
General Medicine",35134,8107,73,0.799,0.625,PeerJ Inc.
Physical Review E,4.2,"83.0%
50/293
Statistics and Probability",29365,7022,74,0.884,0.705,American Physical Society
BMC Musculoskeletal Disorders,4.2,"72.0%
93/332
Orthopedics and Sports Medicine",17491,4205,72,1.197,0.805,Springer Nature
Journal of Intelligent and Fuzzy Systems,4.2,"82.0%
51/293
Statistics and Probability",18185,4377,71,0.621,0.364,SAGE
Heliyon,4.1,"80.0%
39/200
",140775,34462,64,1.123,0.644,Elsevier
Medicina (Lithuania),4.1,"81.0%
123/668
Nature and Landscape Conservation",20778,5208,70,0.966,0.858,John Wiley & Sons
BMC Oral Health,3.9,"69.0%
42/135
General Dentistry",15205,3867,69,1.359,0.843,Springer Nature
Children,3.8,"72.0%
95/342
Engineering (miscellaneous)",19970,5434,72,0.803,0.451,Optica Publishing Group
SAGE Open,3.6,"96.0%
7/176
General Arts and Humanities",15065,4240,60,0.977,0.514,SAGE
World Neurosurgery,3.5,"74.0%
148/568
Surgery",21956,6215,70,0.943,0.709,Elsevier
Physica Scripta,3.1,"72.0%
25/89
Mathematical Physics",25754,8370,58,0.737,0.388,Institute of Physics Publishing
AIMS Mathematics,3.1,"85.0%
60/414
General Mathematics",16209,5169,59,0.79,0.483,AIMS Press
ChemistrySelect,3.0,"45.0%
219/404
General Chemistry",24390,8238,64,0.434,0.366,John Wiley & Sons
AIP Advances,2.6,"48.0%
126/246
General Physics and Astronomy",16246,6246,63,0.602,0.32,American Institute of Physics
Medicine (United States),2.5,"66.0%
225/668
General Medicine",41164,16577,61,0.577,0.469,Wolters Kluwer Health
Plant Cell,15.7,"97.0%
12/534
Plant Science",17651,1124,79,2.246,3.704,American Society of Plant Biologists
Chinese Chemical Letters,15.7,"92.0%
29/404
General Chemistry",57724,3681,95,1.253,1.677,Elsevier
Journal of Clinical Endocrinology and Metabolism,11.5,"92.0%
20/247
Endocrinology, Diabetes and Metabolism",28337,2461,92,1.767,2.183,Endocrine Society
Engineering Structures,11.2,"92.0%
29/407
General Chemistry",22398,1995,93,1.022,1.05,Elsevier
International Journal of Nanomedicine,10.9,"93.0%
10/152
Physical and Theoretical Chemistry",19110,1748,84,1.243,1.558,Elsevier
World Journal of Gastroenterology,8.1,"88.0%
20/173
Organic Chemistry",16637,2083,85,0.918,0.93,John Wiley & Sons
Journal of Interpersonal Violence,8.0,"91.0%
28/313
Organic Chemistry",73958,9232,86,0.999,0.628,Elsevier
Journal of Geophysical Research: Solid Earth,7.9,"94.0%
10/177Geophysics",19069,2406,84,1.538,1.82,John Wiley & Sons
Journal of King Saud University - Science,7.9,"91.0%
17/200
Geophysics",19069,2406,84,1.538,1.82,John Wiley & Sons
Information Fusion,24.1,"99.0%
2/224
Organic Chemistry",114543,4766,95,2.03,2.004,Elsevier
PLOS Medicine,20.8,"98.0%
12/668
General Medicine",17467,840,89,3.211,4.279,Public Library of Science
Bioresource Technology,20.7,"97.0%
6/219
General Environmental Science",393051,18950,92,2.231,2.174,Elsevier
Environmental Pollution,16.0,"98.0%
3/131
Electrical and Electronic Engineering",25462,1597,79,1.679,2.885,Royal Society of Chemistry
Journal of the European Ceramic Society,11.5,"88.0%
38/324
Materials Chemistry",38315,3332,92,1.708,1.3,Elsevier
Measurement: Journal of the International Measurement Confederation,11.5,"94.0%
10/174
Instrumentation",69211,6024,88,1.814,1.244,Elsevier
Polymers,9.7,"85.0%
58/404
Oncology",121190,105,94,201.167,145.004,John Wiley & Sons
Journal of Environmental Sciences (China),15.2,"96.0%
9/240
Chemical Engineering (miscellaneous)",19820,1305,89,1.521,1.618,Elsevier
