time,lat,lon,depth,depth_class,mag,mag_class,place
2024-04-01 10:26:27.337,-5.7711,112.6357,11.954,Shallow,4.1,Light,"125 km NNE of Paciran, Indonesia"
2024-04-01 18:20:38.934,5.6918,126.5299,55.452,Shallow,4.2,Light,"83 km SSE of Pondaguitan, Philippines"
2024-04-02 12:19:22.111,0.9656,124.181,141.14,Intermediate,4.4,Light,"63 km NNW of Modisi, Indonesia"
2024-04-02 12:28:49.968,4.349,125.7692,167.056,Intermediate,4.3,Light,"121 km SSE of Sarangani, Philippines"
2024-04-02 12:43:03.815,0.2854,121.6878,142.868,Intermediate,4.2,Light,"155 km W of Gorontalo, Indonesia"
2024-04-02 15:55:32.654,-3.3008,123.371,10.805,Shallow,4.8,Light,"121 km NE of Kendari, Indonesia"
2024-04-02 16:17:10.066,-3.2778,123.3041,10.0,Shallow,4.6,Light,"116 km NE of Kendari, Indonesia"
2024-04-02 21:23:42.627,-7.8391,128.243,64.067,Shallow,4.4,Light,"156 km ENE of Lospalos, Timor Leste"
2024-04-03 03:09:51.192,1.364,126.3393,54.183,Shallow,4.4,Light,"132 km WNW of Ternate, Indonesia"
2024-04-03 04:51:22.460,8.5051,126.6773,67.064,Shallow,5.1,Moderate,"40 km ENE of Hinatuan, Philippines"
2024-04-03 05:45:13.195,8.4565,126.6965,70.39,Intermediate,4.9,Light,"40 km ENE of Hinatuan, Philippines"
2024-04-03 09:02:16.573,-5.8654,112.3387,10.0,Shallow,5.1,Moderate,"111 km N of Paciran, Indonesia"
2024-04-03 12:14:24.688,8.4477,126.5834,67.524,Shallow,4.4,Light,"28 km ENE of Hinatuan, Philippines"
2024-04-03 13:17:23.852,-6.6505,129.9353,167.77,Intermediate,4.2,Light,Banda Sea
2024-04-03 15:45:10.454,-7.0576,129.6381,139.33,Intermediate,4.3,Light,"Kepulauan Babar, Indonesia"
2024-04-03 16:10:16.612,2.8594,125.6614,127.604,Intermediate,4.0,Light,"167 km NNE of Bitung, Indonesia"
2024-04-03 19:39:53.848,-2.8329,123.412,10.0,Shallow,4.2,Light,"161 km NE of Kendari, Indonesia"
2024-04-04 06:39:52.091,0.029,123.3349,142.442,Intermediate,4.9,Light,"63 km SSE of Gorontalo, Indonesia"
2024-04-04 08:44:09.581,-9.0713,124.0446,96.725,Intermediate,4.3,Light,"39 km WNW of Pante Makasar, Timor Leste"
2024-04-04 15:10:48.324,5.6722,125.4013,77.408,Intermediate,4.6,Light,"5 km NW of Nuing, Philippines"
2024-04-04 18:29:27.742,1.6071,126.3817,60.52,Shallow,4.6,Light,"140 km E of Bitung, Indonesia"
2024-04-04 22:07:31.175,-4.3444,134.8243,10.0,Shallow,4.2,Light,"132 km SW of Nabire, Indonesia"
2024-04-05 02:13:44.240,2.1582,126.8223,68.648,Shallow,4.2,Light,"140 km WNW of Tobelo, Indonesia"
2024-04-05 17:25:20.963,-7.4753,127.8581,148.395,Intermediate,4.2,Light,"149 km NE of Lospalos, Timor Leste"
2024-04-05 17:43:49.737,-4.0977,133.935,10.0,Shallow,4.0,Light,"192 km WSW of Nabire, Indonesia"
2024-04-05 18:14:03.987,-6.3259,128.8088,263.198,Intermediate,4.1,Light,"298 km SSE of Ambon, Indonesia"
2024-04-05 21:21:37.356,5.8432,126.7761,132.77,Intermediate,4.4,Light,"87 km SE of Pondaguitan, Philippines"
2024-04-06 00:37:22.709,-0.1366,124.5163,9.798,Shallow,4.4,Light,"65 km S of Modisi, Indonesia"
2024-04-06 00:48:10.264,-6.5858,128.3195,333.378,Deep,4.3,Light,"259 km NE of Lospalos, Timor Leste"
2024-04-06 08:24:30.650,-3.277,138.2881,65.268,Shallow,5.0,Moderate,"251 km N of Agats, Indonesia"
2024-04-06 09:32:53.318,5.4354,126.3625,109.123,Intermediate,4.5,Light,"96 km SE of Caburan, Philippines"
2024-04-06 10:03:26.303,-7.4164,128.8271,131.978,Intermediate,4.3,Light,"235 km ENE of Lospalos, Timor Leste"
2024-04-06 17:29:56.022,1.349,126.4307,41.785,Shallow,4.4,Light,"122 km WNW of Ternate, Indonesia"
2024-04-07 14:38:33.720,-8.3681,128.5269,22.486,Shallow,4.3,Light,"169 km E of Lospalos, Timor Leste"
2024-04-07 14:57:16.495,-8.9592,118.6205,10.0,Shallow,5.0,Moderate,"49 km SSE of Dompu, Indonesia"
2024-04-07 17:23:52.465,1.4395,126.4669,46.996,Shallow,4.2,Light,"124 km NW of Ternate, Indonesia"
2024-04-07 22:19:58.850,-7.4766,128.0757,152.645,Intermediate,4.9,Light,"165 km NE of Lospalos, Timor Leste"
2024-04-07 22:44:17.207,5.7612,126.5577,100.521,Intermediate,4.1,Light,"78 km SSE of Pondaguitan, Philippines"
2024-04-07 23:07:11.057,3.2146,127.1975,55.936,Shallow,4.3,Light,"187 km NNW of Tobelo, Indonesia"
2024-04-08 01:02:56.714,4.4316,127.6413,69.786,Shallow,4.5,Light,"264 km ESE of Sarangani, Philippines"
2024-04-08 02:50:51.859,-8.6626,118.3185,142.739,Intermediate,4.1,Light,"21 km SW of Dompu, Indonesia"
2024-04-08 04:06:57.861,3.914,123.0208,523.183,Deep,4.0,Light,"265 km SSE of Tabiauan, Philippines"
2024-04-08 15:56:22.005,8.7738,126.4739,70.245,Intermediate,4.6,Light,"19 km E of Marihatag, Philippines"
2024-04-08 17:18:01.703,-2.9386,127.9159,40.803,Shallow,4.5,Light,"88 km NNW of Ambon, Indonesia"
2024-04-09 00:02:52.078,-1.6951,134.4237,6.66,Shallow,5.9,Moderate,"34 km SE of Ransiki, Indonesia"
2024-04-09 00:04:05.827,-1.585,134.4849,10.0,Shallow,5.5,Moderate,"35 km ESE of Ransiki, Indonesia"
2024-04-09 04:19:57.858,3.6003,126.8034,35.0,Shallow,4.3,Light,"246 km NNW of Tobelo, Indonesia"
2024-04-09 04:29:45.866,-1.5438,134.3702,10.0,Shallow,4.1,Light,"22 km E of Ransiki, Indonesia"
2024-04-09 05:14:10.481,-1.6306,134.5247,10.0,Shallow,4.8,Light,"41 km ESE of Ransiki, Indonesia"
2024-04-09 09:47:59.810,2.6982,127.0624,22.0,Shallow,6.4,Strong,"150 km NW of Tobelo, Indonesia"
2024-04-09 10:25:40.288,8.1692,126.3589,90.902,Intermediate,4.3,Light,"6 km SE of Bislig, Philippines"
2024-04-09 10:37:29.825,2.6721,127.0456,62.237,Shallow,4.4,Light,"149 km NW of Tobelo, Indonesia"
2024-04-09 11:10:11.436,-1.6572,134.5589,10.0,Shallow,4.2,Light,"46 km ESE of Ransiki, Indonesia"
2024-04-09 12:51:06.083,8.5001,126.9504,37.645,Shallow,4.4,Light,"68 km ENE of Barcelona, Philippines"
2024-04-09 15:26:20.308,-7.4877,128.0053,151.23,Intermediate,4.3,Light,"159 km NE of Lospalos, Timor Leste"
2024-04-09 17:15:50.168,2.6693,127.1736,58.325,Shallow,4.2,Light,"139 km NW of Tobelo, Indonesia"
2024-04-09 17:58:16.169,2.6953,127.1553,57.2,Shallow,4.5,Light,"143 km NW of Tobelo, Indonesia"
2024-04-09 19:44:56.753,-2.8482,129.3735,11.315,Shallow,4.6,Light,"67 km NE of Masohi, Indonesia"
2024-04-10 02:53:25.862,-7.5733,127.8762,157.928,Intermediate,4.2,Light,"142 km NE of Lospalos, Timor Leste"
2024-04-10 03:08:35.855,-1.7581,134.6269,10.0,Shallow,4.0,Light,"57 km ESE of Ransiki, Indonesia"
2024-04-10 06:30:44.303,2.5669,127.0058,68.101,Shallow,4.1,Light,"145 km NW of Tobelo, Indonesia"
2024-04-10 07:35:30.463,-6.4575,130.2499,138.289,Intermediate,4.4,Light,"291 km WSW of Tual, Indonesia"
2024-04-10 14:06:07.479,4.4196,126.8765,55.843,Shallow,4.6,Light,"190 km SE of Sarangani, Philippines"
2024-04-10 14:40:37.219,-6.0278,128.2173,395.557,Deep,4.1,Light,"257 km S of Ambon, Indonesia"
2024-04-11 02:07:50.073,2.7711,127.3046,50.168,Shallow,4.4,Light,"139 km NW of Tobelo, Indonesia"
2024-04-11 03:33:57.207,7.6449,126.1637,10.0,Shallow,5.2,Moderate,"5 km NE of Bantacan, Philippines"
2024-04-11 04:56:23.465,2.8434,125.3849,180.886,Intermediate,4.1,Light,"156 km NNE of Laikit, Laikit II (Dimembe), Indonesia"
2024-04-11 07:55:24.975,-3.3156,135.7961,10.668,Shallow,4.4,Light,"33 km E of Nabire, Indonesia"
2024-04-11 13:06:18.826,2.6875,127.3579,63.918,Shallow,4.6,Light,"128 km NW of Tobelo, Indonesia"
2024-04-11 15:50:21.361,-2.8826,129.401,15.272,Shallow,4.9,Light,"66 km NE of Masohi, Indonesia"
2024-04-11 17:34:06.488,3.6958,126.7665,45.378,Shallow,5.0,Moderate,"237 km SE of Sarangani, Philippines"
2024-04-11 23:05:43.552,0.7332,126.1592,37.285,Shallow,4.3,Light,"136 km W of Ternate, Indonesia"
2024-04-11 23:14:35.058,-5.8185,112.5136,9.714,Shallow,4.4,Light,"118 km N of Paciran, Indonesia"
2024-04-12 00:02:24.682,8.5262,122.9545,10.0,Shallow,4.5,Light,"11 km NW of Ponot, Philippines"
2024-04-12 10:32:49.631,-8.2856,119.5105,189.312,Intermediate,4.2,Light,"33 km N of Komodo, Indonesia"
2024-04-12 18:38:45.738,4.8148,125.7359,152.613,Intermediate,4.1,Light,"71 km SSE of Sarangani, Philippines"
2024-04-13 00:24:25.547,-2.6165,129.4541,10.0,Shallow,4.4,Light,"92 km NE of Masohi, Indonesia"
2024-04-13 06:26:35.031,2.226,126.6873,38.856,Shallow,5.2,Moderate,"157 km WNW of Tobelo, Indonesia"
2024-04-13 10:39:55.523,-7.6314,119.4519,267.269,Intermediate,4.0,Light,"106 km N of Komodo, Indonesia"
2024-04-13 15:50:17.782,1.2373,126.175,51.842,Shallow,4.6,Light,"118 km E of Bitung, Indonesia"
2024-04-13 16:01:32.448,1.36,126.2914,25.758,Shallow,4.2,Light,"129 km E of Bitung, Indonesia"
2024-04-13 16:40:55.412,2.1044,126.6086,39.341,Shallow,5.0,Moderate,"161 km WNW of Tobelo, Indonesia"
2024-04-13 17:07:55.636,2.1003,126.6927,47.568,Shallow,4.2,Light,"152 km WNW of Tobelo, Indonesia"
2024-04-13 17:19:59.751,-2.9665,129.2437,15.431,Shallow,4.3,Light,"47 km NE of Masohi, Indonesia"
2024-04-13 17:46:59.392,2.4779,126.821,38.551,Shallow,4.5,Light,"156 km WNW of Tobelo, Indonesia"
2024-04-13 18:34:54.206,8.6018,126.3316,67.688,Shallow,4.3,Light,"12 km NE of Gamut, Philippines"
2024-04-14 12:31:42.915,-3.6244,128.4471,8.861,Shallow,4.4,Light,"30 km ENE of Ambon, Indonesia"
2024-04-14 12:37:24.032,7.4806,126.4516,8.147,Shallow,4.3,Light,"9 km SSW of Batiano, Philippines"
2024-04-14 15:06:56.452,0.517,126.6418,64.77,Shallow,4.2,Light,"88 km WSW of Ternate, Indonesia"
2024-04-14 21:05:59.241,-7.5578,127.5419,137.47,Intermediate,4.9,Light,"122 km NNE of Lospalos, Timor Leste"
2024-04-15 04:55:45.542,-6.1403,128.7146,331.782,Deep,4.0,Light,"276 km SSE of Ambon, Indonesia"
2024-04-15 08:17:38.027,8.3827,126.8801,35.0,Shallow,4.3,Light,"54 km ENE of Barcelona, Philippines"
2024-04-15 08:31:02.252,-7.0967,129.2463,147.232,Intermediate,4.3,Light,"293 km ENE of Lospalos, Timor Leste"
2024-04-15 09:34:32.104,8.3867,127.1621,10.0,Shallow,4.3,Light,"84 km ENE of Barcelona, Philippines"
2024-04-15 11:11:40.956,5.4929,123.8981,506.363,Deep,4.2,Light,"85 km SSW of Palimbang, Philippines"
2024-04-15 18:27:13.849,-6.8856,128.8509,12.999,Shallow,4.3,Light,"272 km NE of Lospalos, Timor Leste"
2024-04-16 00:53:39.211,9.8282,126.1635,21.442,Shallow,4.5,Light,"8 km ESE of Pilar, Philippines"
2024-04-16 01:44:26.845,9.0484,126.9732,10.0,Shallow,4.1,Light,"74 km ENE of Aras-asan, Philippines"
2024-04-16 03:07:14.850,-7.0497,124.9542,503.626,Deep,4.9,Light,"174 km N of Maubara, Timor Leste"
2024-04-16 03:14:02.801,4.9534,127.9876,10.0,Shallow,4.3,Light,"253 km SE of Pondaguitan, Philippines"
2024-04-16 16:06:15.536,9.6873,126.2537,51.666,Shallow,5.0,Moderate,"17 km ESE of Union, Philippines"
2024-04-16 16:09:58.784,-4.3516,134.9017,10.0,Shallow,4.4,Light,"128 km SSW of Nabire, Indonesia"
2024-04-16 19:20:46.518,-6.9019,129.7245,161.924,Intermediate,4.1,Light,Banda Sea
2024-04-17 03:55:39.257,-1.5885,134.541,10.0,Shallow,4.7,Light,"42 km ESE of Ransiki, Indonesia"
2024-04-17 04:52:21.710,1.4816,128.5874,10.0,Shallow,4.2,Light,"69 km ESE of Tobelo, Indonesia"
2024-04-17 08:15:05.225,-5.7846,112.3528,10.0,Shallow,4.6,Light,"120 km N of Paciran, Indonesia"
2024-04-17 15:26:09.340,-6.4865,131.5403,58.664,Shallow,4.3,Light,"164 km SW of Tual, Indonesia"
2024-04-17 20:34:36.649,1.8221,124.3862,277.579,Intermediate,4.1,Light,"63 km NW of Manado, Indonesia"
2024-04-17 21:15:56.548,2.8385,125.7219,145.692,Intermediate,4.4,Light,"168 km NNE of Bitung, Indonesia"
2024-04-19 06:02:04.721,1.5234,124.7945,208.64,Intermediate,4.2,Light,"7 km NW of Manado, Indonesia"
2024-04-19 08:52:21.945,2.6343,122.5496,486.772,Deep,4.0,Light,"238 km NNW of Gorontalo, Indonesia"
2024-04-19 11:05:00.062,8.0631,126.7402,79.657,Intermediate,4.4,Light,"33 km ENE of Santa Maria, Philippines"
2024-04-19 18:40:01.086,8.4178,127.1695,12.198,Shallow,4.4,Light,"85 km ENE of Barcelona, Philippines"
2024-04-19 20:38:21.790,-9.2093,110.312,41.513,Shallow,4.4,Light,"139 km S of Pundong, Indonesia"
2024-04-20 00:39:01.038,4.8238,126.8118,56.351,Shallow,4.4,Light,"162 km ESE of Sarangani, Philippines"
2024-04-20 02:22:11.229,7.8564,127.0993,10.0,Shallow,4.9,Light,"63 km ENE of Kinablangan, Philippines"
2024-04-20 04:39:17.785,-4.576,129.3802,191.961,Intermediate,4.4,Light,"145 km SSE of Amahai, Indonesia"
2024-04-20 05:39:17.677,7.9161,126.5453,91.271,Intermediate,4.4,Light,"13 km SE of Santa Maria, Philippines"
2024-04-20 09:29:51.325,-7.3181,128.8936,139.067,Intermediate,4.1,Light,"247 km ENE of Lospalos, Timor Leste"
2024-04-20 21:30:47.071,-6.4294,128.373,286.092,Intermediate,4.5,Light,"276 km NNE of Lospalos, Timor Leste"
2024-04-21 07:42:16.769,-6.1851,128.6835,322.85,Deep,4.2,Light,"280 km SSE of Ambon, Indonesia"
2024-04-21 09:31:16.668,4.1216,122.9749,550.61,Deep,4.4,Light,"242 km SSE of Tabiauan, Philippines"
2024-04-22 03:03:11.561,1.2138,126.9155,10.0,Shallow,4.8,Light,"70 km NW of Ternate, Indonesia"
2024-04-22 05:28:57.770,-6.0553,127.7193,386.013,Deep,4.0,Light,"265 km S of Ambon, Indonesia"
2024-04-22 05:34:12.829,-6.4631,130.7692,94.189,Intermediate,4.6,Light,"238 km WSW of Tual, Indonesia"
2024-04-22 09:40:06.477,-2.887,139.2289,46.928,Shallow,4.3,Light,"159 km WSW of Abepura, Indonesia"
2024-04-22 10:32:50.566,4.1059,123.1329,10.0,Shallow,4.6,Light,"253 km SSE of Tabiauan, Philippines"
2024-04-22 11:10:48.733,-8.9573,111.2888,54.28,Shallow,5.1,Moderate,"107 km SSW of Trenggalek, Indonesia"
2024-04-22 11:11:33.022,-8.8902,111.2844,35.0,Shallow,5.3,Moderate,"101 km SSW of Trenggalek, Indonesia"
2024-04-22 11:18:47.723,0.7313,123.8229,265.51,Intermediate,4.7,Light,"74 km WNW of Modisi, Indonesia"
2024-04-22 17:17:22.805,-7.5957,117.37,300.953,Deep,4.0,Light,"91 km N of Pototano, Indonesia"
2024-04-22 22:11:40.236,-7.6091,127.57,156.468,Intermediate,4.5,Light,"118 km NNE of Lospalos, Timor Leste"
2024-04-22 23:21:13.049,8.3119,126.5268,83.526,Intermediate,4.5,Light,"19 km NNE of Barcelona, Philippines"
2024-04-23 01:02:10.738,-7.7227,128.5818,70.906,Intermediate,4.3,Light,"195 km ENE of Lospalos, Timor Leste"
2024-04-23 05:56:32.751,-6.1009,127.5448,401.25,Deep,4.5,Light,"274 km NNE of Lospalos, Timor Leste"
2024-04-24 01:16:12.397,-7.1994,129.3958,150.932,Intermediate,4.0,Light,"Kepulauan Babar, Indonesia"
2024-04-24 01:59:19.578,7.8198,127.1766,10.0,Shallow,4.4,Light,"70 km ENE of Kinablangan, Philippines"
2024-04-24 02:04:15.428,7.7683,127.1559,10.0,Shallow,4.7,Light,"67 km E of Kinablangan, Philippines"
2024-04-24 03:23:58.363,-4.2562,136.9335,10.0,Shallow,4.0,Light,"187 km ESE of Nabire, Indonesia"
2024-04-24 08:59:15.763,-5.804,130.9182,75.327,Intermediate,4.3,Light,"204 km W of Tual, Indonesia"
2024-04-24 09:24:03.687,4.4207,126.4853,79.144,Intermediate,4.3,Light,"156 km SE of Sarangani, Philippines"
2024-04-24 12:30:36.674,-0.0101,124.1408,86.476,Intermediate,4.3,Light,"60 km SSW of Modisi, Indonesia"
2024-04-24 17:01:01.199,0.1939,122.5476,165.994,Intermediate,4.8,Light,"68 km WSW of Gorontalo, Indonesia"
2024-04-24 21:17:46.665,5.3675,123.7772,518.086,Deep,4.1,Light,"103 km SSW of Palimbang, Philippines"
2024-04-24 21:46:03.082,-7.1303,129.733,136.677,Intermediate,4.1,Light,"Kepulauan Babar, Indonesia"
2024-04-25 04:20:15.583,7.7252,127.1182,10.0,Shallow,5.0,Moderate,"62 km E of Kinablangan, Philippines"
2024-04-25 08:54:50.866,-3.4578,128.3996,44.964,Shallow,4.6,Light,"35 km NE of Ambon, Indonesia"
2024-04-25 15:37:39.563,7.4391,127.2066,10.0,Shallow,4.4,Light,"68 km E of Baculin, Philippines"
2024-04-25 21:07:34.885,-6.1353,130.0059,200.462,Intermediate,4.4,Light,Banda Sea
2024-04-26 07:46:17.621,-7.1998,124.9413,519.389,Deep,4.4,Light,"158 km N of Maubara, Timor Leste"
2024-04-26 14:47:45.265,-2.0433,127.8296,10.0,Shallow,4.5,Light,"161 km SSE of Labuha, Indonesia"
2024-04-26 15:21:34.781,1.4676,122.2348,37.604,Shallow,4.7,Light,"138 km NW of Gorontalo, Indonesia"
2024-04-27 05:07:08.359,0.5368,122.3026,111.821,Intermediate,4.6,Light,"84 km W of Gorontalo, Indonesia"
2024-04-27 06:36:59.560,0.7339,126.0794,45.773,Shallow,4.3,Light,"131 km SE of Bitung, Indonesia"
2024-04-27 07:40:24.105,-0.7442,123.0469,9.779,Shallow,4.1,Light,"36 km NE of Luwuk, Indonesia"
2024-04-27 10:46:32.010,-6.3715,130.1414,166.953,Intermediate,4.9,Light,Banda Sea
2024-04-27 11:34:18.293,8.5391,126.4283,66.531,Shallow,4.7,Light,"20 km E of Gamut, Philippines"
2024-04-27 17:58:08.296,8.4684,126.7783,45.231,Shallow,4.7,Light,"50 km ENE of Hinatuan, Philippines"
2024-04-27 20:59:34.939,8.6468,126.5394,49.453,Shallow,4.9,Light,"31 km ESE of Marihatag, Philippines"
2024-04-27 22:05:26.698,8.6422,126.6681,35.337,Shallow,4.6,Light,"44 km ESE of Marihatag, Philippines"
2024-04-27 23:35:53.985,3.5986,126.5911,55.518,Shallow,4.4,Light,"235 km SSE of Sarangani, Philippines"
2024-04-28 05:37:19.796,4.1589,125.4725,97.454,Intermediate,4.4,Light,"137 km S of Sarangani, Philippines"
2024-04-28 22:41:39.761,-3.4035,126.9545,10.002,Shallow,4.5,Light,"140 km WNW of Ambon, Indonesia"
2024-04-29 03:03:48.945,1.8969,126.5866,47.798,Shallow,4.3,Light,"151 km NW of Ternate, Indonesia"
2024-04-29 05:59:12.432,6.1757,126.7,9.56,Shallow,4.4,Light,"61 km ESE of Pondaguitan, Philippines"
2024-04-29 07:36:56.813,-6.6481,132.3736,10.0,Shallow,4.2,Light,"120 km SSW of Tual, Indonesia"
2024-04-29 08:59:13.272,-6.9593,129.8215,128.559,Intermediate,4.3,Light,Banda Sea
2024-04-29 11:11:49.870,-3.0795,127.6916,35.0,Shallow,4.4,Light,"87 km NW of Ambon, Indonesia"
2024-04-29 14:11:19.731,8.9312,126.1518,73.279,Intermediate,4.5,Light,"8 km SSW of Gamut, Philippines"
2024-04-29 15:59:22.825,8.6702,126.6202,41.917,Shallow,4.9,Light,"38 km ESE of Marihatag, Philippines"
2024-04-29 22:24:17.950,5.1549,125.9794,84.307,Intermediate,4.4,Light,"63 km ESE of Sarangani, Philippines"
2024-04-29 22:40:59.454,2.6502,127.17,43.321,Shallow,4.4,Light,"138 km NW of Tobelo, Indonesia"
2024-04-30 09:20:44.342,5.3935,126.587,10.0,Shallow,4.2,Light,"116 km SSE of Pondaguitan, Philippines"
2024-04-30 13:52:40.877,2.2997,126.767,20.048,Shallow,5.3,Moderate,"151 km WNW of Tobelo, Indonesia"
2024-04-30 20:03:47.201,5.8512,126.7129,121.746,Intermediate,4.4,Light,"81 km SE of Pondaguitan, Philippines"
2024-05-01 02:23:35.740,-7.1005,129.3481,135.674,Intermediate,4.6,Light,"Kepulauan Babar, Indonesia"
2024-05-01 04:00:50.246,-6.0703,130.518,134.861,Intermediate,4.4,Light,"252 km W of Tual, Indonesia"
2024-05-01 16:37:34.036,6.2664,127.4059,10.0,Shallow,4.2,Light,"136 km E of Pondaguitan, Philippines"
2024-05-01 18:45:47.020,-7.1223,129.1285,172.334,Intermediate,4.5,Light,"281 km ENE of Lospalos, Timor Leste"
2024-05-02 02:32:19.887,-1.0753,136.8896,10.0,Shallow,4.3,Light,"90 km E of Biak, Indonesia"
2024-05-02 03:40:35.189,1.3302,128.0641,109.165,Intermediate,4.6,Light,"44 km S of Tobelo, Indonesia"
2024-05-02 11:59:04.103,-2.9404,126.8092,10.0,Shallow,4.9,Light,"134 km SE of Sanana, Indonesia"
2024-05-02 13:06:20.564,-6.8386,110.7528,248.621,Intermediate,4.2,Light,"5 km SE of Welahan, Indonesia"
2024-05-03 04:38:02.660,9.0328,122.4978,10.0,Shallow,4.6,Light,"44 km SSW of Basay, Philippines"
2024-05-03 11:35:25.651,0.0058,127.2245,9.85,Shallow,4.3,Light,"75 km NNW of Labuha, Indonesia"
2024-05-03 16:11:40.627,-7.0959,129.2344,140.0,Intermediate,4.1,Light,"292 km ENE of Lospalos, Timor Leste"
2024-05-04 04:02:52.601,-9.3686,118.9147,88.056,Intermediate,4.8,Light,"36 km W of Tambolaka, Indonesia"
2024-05-04 06:38:17.506,-3.691,131.3583,10.0,Shallow,4.7,Light,"134 km SW of Fakfak, Indonesia"
2024-05-04 10:14:48.239,0.2887,123.789,204.324,Intermediate,4.5,Light,"74 km WSW of Modisi, Indonesia"
2024-05-05 02:12:13.160,6.4617,126.6389,124.989,Intermediate,4.5,Light,"52 km ENE of Pondaguitan, Philippines"
2024-05-05 06:48:04.559,-3.2789,139.8687,41.596,Shallow,4.2,Light,"113 km SW of Abepura, Indonesia"
2024-05-05 10:39:52.590,-3.1731,130.7625,10.0,Shallow,4.9,Light,"172 km W of Fakfak, Indonesia"
2024-05-05 11:41:37.754,-4.9366,133.6822,10.0,Shallow,4.3,Light,"128 km NE of Tual, Indonesia"
2024-05-05 18:33:11.021,-3.3167,130.9618,16.0,Shallow,6.1,Strong,"154 km WSW of Fakfak, Indonesia"
2024-05-05 20:37:11.921,-3.3053,130.9364,10.0,Shallow,5.5,Moderate,"157 km WSW of Fakfak, Indonesia"
2024-05-06 01:03:52.751,-3.4156,131.0652,10.0,Shallow,4.6,Light,"147 km WSW of Fakfak, Indonesia"
2024-05-06 01:21:06.438,-3.3818,131.0706,10.0,Shallow,4.0,Light,"145 km WSW of Fakfak, Indonesia"
2024-05-06 01:45:29.172,-6.2899,130.3279,110.712,Intermediate,4.4,Light,"278 km WSW of Tual, Indonesia"
2024-05-06 02:02:00.136,2.4434,128.4389,232.048,Intermediate,4.0,Light,"92 km NNE of Tobelo, Indonesia"
2024-05-06 05:01:52.545,-3.6081,127.6341,72.31,Intermediate,4.3,Light,"61 km W of Ambon, Indonesia"
2024-05-06 05:10:52.873,-3.2428,131.0326,10.0,Shallow,4.5,Light,"145 km WSW of Fakfak, Indonesia"
2024-05-06 12:12:33.670,-5.3546,134.08,10.0,Shallow,4.3,Light,"150 km ENE of Tual, Indonesia"
2024-05-06 20:04:16.016,-7.404,128.5122,152.504,Intermediate,4.8,Light,"207 km NE of Lospalos, Timor Leste"
2024-05-06 21:18:41.336,5.7336,127.6058,8.324,Shallow,4.4,Light,"172 km ESE of Pondaguitan, Philippines"
2024-05-06 23:33:42.013,-1.0587,120.5697,10.0,Shallow,4.5,Light,"42 km NNW of Poso, Indonesia"
2024-05-07 01:02:04.710,-6.6524,127.3912,365.024,Deep,4.2,Light,"211 km NNE of Lospalos, Timor Leste"
2024-05-07 03:35:02.171,-8.4503,111.1264,95.412,Intermediate,4.6,Light,"62 km S of Jatiroto, Indonesia"
2024-05-07 12:37:07.635,-7.4172,128.7221,148.604,Intermediate,4.2,Light,"225 km ENE of Lospalos, Timor Leste"
2024-05-07 13:12:56.228,5.729,124.6392,50.41,Shallow,5.0,Moderate,"25 km SSW of Maan, Philippines"
2024-05-07 22:09:56.125,-9.1457,115.8631,103.998,Intermediate,4.7,Light,"51 km SSW of Lembar, Indonesia"
2024-05-07 23:38:00.593,1.817,126.5267,35.375,Shallow,4.3,Light,"148 km NW of Ternate, Indonesia"
2024-05-08 03:16:44.136,1.4685,122.91,31.536,Shallow,4.2,Light,"104 km N of Gorontalo, Indonesia"
2024-05-08 05:46:12.633,-7.5658,128.4219,134.684,Intermediate,4.4,Light,"189 km NE of Lospalos, Timor Leste"
2024-05-09 13:14:42.796,-3.6385,131.1235,10.0,Shallow,4.4,Light,"152 km WSW of Fakfak, Indonesia"
2024-05-10 08:08:54.440,8.7467,126.152,88.163,Intermediate,4.5,Light,"7 km WNW of Salvacion, Philippines"
2024-05-10 17:17:02.644,-6.7993,127.5269,313.02,Deep,4.4,Light,"199 km NNE of Lospalos, Timor Leste"
2024-05-10 17:45:50.104,-7.1153,129.4163,117.888,Intermediate,4.5,Light,"Kepulauan Babar, Indonesia"
2024-05-10 18:39:45.160,8.439,126.6372,65.54,Shallow,4.2,Light,"34 km ENE of Hinatuan, Philippines"
2024-05-10 19:34:39.589,-8.963,113.0701,73.282,Intermediate,4.8,Light,"81 km SSW of Kencong, Indonesia"
2024-05-11 03:02:16.444,1.1007,126.8344,80.751,Intermediate,4.9,Light,"70 km WNW of Ternate, Indonesia"
2024-05-11 10:55:33.408,4.5869,127.4919,52.357,Shallow,4.1,Light,"242 km ESE of Sarangani, Philippines"
2024-05-11 20:52:56.986,-7.4795,127.9611,150.948,Intermediate,4.3,Light,"156 km NE of Lospalos, Timor Leste"
2024-05-11 23:34:07.333,-6.8974,128.2888,289.404,Intermediate,4.3,Light,"229 km NE of Lospalos, Timor Leste"
2024-05-12 14:33:05.214,-5.8202,112.4955,10.0,Shallow,4.2,Light,"117 km N of Paciran, Indonesia"
2024-05-13 00:28:13.427,0.9271,123.8264,274.091,Intermediate,5.3,Moderate,"85 km NW of Modisi, Indonesia"
2024-05-13 06:42:29.481,-5.801,112.5206,10.0,Shallow,4.8,Light,"120 km N of Paciran, Indonesia"
2024-05-13 10:28:35.871,6.7651,127.0523,10.0,Shallow,4.5,Light,"73 km ESE of San Ignacio, Philippines"
2024-05-13 14:08:34.505,-7.6085,123.6003,272.778,Intermediate,4.9,Light,"189 km NE of Maumere, Indonesia"
2024-05-13 18:26:10.528,7.5865,126.1583,15.302,Shallow,4.6,Light,"3 km ESE of Bantacan, Philippines"
2024-05-14 01:51:30.441,-0.3323,122.0154,10.0,Shallow,4.3,Light,"109 km NW of Luwuk, Indonesia"
2024-05-14 02:05:55.298,-6.5379,129.8064,143.363,Intermediate,4.2,Light,Banda Sea
2024-05-14 08:11:10.486,-8.2223,115.9724,22.776,Shallow,5.3,Moderate,"15 km NNW of Gili Trawangan, Indonesia"
2024-05-14 13:39:53.079,5.9883,126.1987,104.686,Intermediate,4.4,Light,"41 km S of Pondaguitan, Philippines"
2024-05-14 13:41:30.649,-2.6412,122.0899,10.0,Shallow,4.6,Light,"155 km NNW of Kendari, Indonesia"
2024-05-15 12:30:45.284,1.5432,126.4869,57.572,Shallow,4.0,Light,"129 km NW of Ternate, Indonesia"
2024-05-15 12:32:43.587,-2.9076,139.3459,38.42,Shallow,4.1,Light,"147 km WSW of Abepura, Indonesia"
2024-05-16 02:36:08.787,-3.4637,135.3682,56.27,Shallow,4.3,Light,"18 km SW of Nabire, Indonesia"
2024-05-16 09:31:36.178,-4.7569,139.683,10.0,Shallow,4.2,Light,"192 km ENE of Agats, Indonesia"
2024-05-16 20:01:34.169,-4.0117,127.4322,194.638,Intermediate,4.3,Light,"90 km WSW of Ambon, Indonesia"
2024-05-16 22:39:55.582,-9.3958,118.5199,102.063,Intermediate,4.1,Light,"78 km W of Tambolaka, Indonesia"
2024-05-17 02:27:52.287,-6.4577,129.914,130.178,Intermediate,4.1,Light,Banda Sea
2024-05-17 10:02:10.116,8.1812,126.8784,51.393,Shallow,4.3,Light,"49 km E of Barcelona, Philippines"
2024-05-17 14:12:13.690,4.4918,126.1998,111.785,Intermediate,4.2,Light,"129 km SE of Sarangani, Philippines"
2024-05-17 14:47:33.338,-7.6079,127.785,139.522,Intermediate,4.1,Light,"133 km NE of Lospalos, Timor Leste"
2024-05-17 21:45:33.541,6.21,126.6856,118.059,Intermediate,4.5,Light,"58 km ESE of Pondaguitan, Philippines"
2024-05-17 22:03:10.310,3.9942,127.8881,60.352,Shallow,4.0,Light,"250 km N of Tobelo, Indonesia"
2024-05-18 06:26:09.996,3.838,122.9135,524.072,Deep,5.5,Moderate,"267 km SSE of Tabiauan, Philippines"
2024-05-18 08:56:33.815,-3.7694,126.8748,10.225,Shallow,4.4,Light,"145 km W of Ambon, Indonesia"
2024-05-18 11:42:10.518,-7.5735,128.8383,94.645,Intermediate,4.3,Light,"228 km ENE of Lospalos, Timor Leste"
2024-05-18 17:04:34.338,-8.3977,122.0362,10.102,Shallow,4.3,Light,"31 km NW of Maumere, Indonesia"
2024-05-18 21:55:25.255,-6.0889,130.6375,132.17,Intermediate,4.5,Light,"239 km WSW of Tual, Indonesia"
2024-05-19 00:25:43.968,8.8405,122.1066,10.0,Shallow,4.4,Light,"85 km SW of Basay, Philippines"
2024-05-19 00:49:36.315,-5.9182,131.3855,49.294,Shallow,4.3,Light,"154 km WSW of Tual, Indonesia"
2024-05-19 16:57:28.683,2.3173,128.5835,38.666,Shallow,4.7,Light,"91 km NE of Tobelo, Indonesia"
2024-05-19 21:17:12.130,9.443,126.0766,64.604,Shallow,4.6,Light,"16 km ENE of Carrascal, Philippines"
2024-05-19 22:32:21.766,-5.9078,130.1777,195.84,Intermediate,4.2,Light,"286 km W of Tual, Indonesia"
2024-05-19 23:39:45.965,0.1053,125.8731,35.0,Shallow,4.4,Light,"164 km ESE of Modisi, Indonesia"
2024-05-20 12:31:40.998,-7.4952,128.8485,150.457,Intermediate,4.3,Light,"233 km ENE of Lospalos, Timor Leste"
2024-05-20 13:27:53.206,-3.2157,123.5297,9.119,Shallow,4.1,Light,"140 km NE of Kendari, Indonesia"
2024-05-20 16:34:21.043,4.583,126.8745,71.239,Intermediate,4.5,Light,"180 km ESE of Sarangani, Philippines"
2024-05-20 19:42:15.945,-8.9412,112.6283,88.44,Intermediate,5.0,Moderate,"81 km S of Dampit, Indonesia"
2024-05-20 21:37:34.182,-9.9963,122.9697,10.0,Shallow,4.2,Light,"72 km WNW of Kupang, Indonesia"
2024-05-20 22:16:00.114,-8.2798,123.8273,180.497,Intermediate,4.1,Light,"118 km NNW of Pante Makasar, Timor Leste"
2024-05-20 22:18:52.581,-8.3742,110.8621,104.465,Intermediate,4.1,Light,"53 km SSE of Wonosari, Indonesia"
2024-05-21 08:31:56.954,-2.2033,138.2031,22.062,Shallow,5.3,Moderate,"261 km ESE of Biak, Indonesia"
2024-05-22 05:49:12.684,0.1267,123.6754,127.916,Intermediate,5.0,Moderate,"81 km ESE of Gorontalo, Indonesia"
2024-05-22 07:55:59.894,0.3013,121.8212,212.147,Intermediate,4.3,Light,"140 km W of Gorontalo, Indonesia"
2024-05-22 09:32:25.303,4.0411,122.5183,590.844,Deep,4.4,Light,"230 km SSE of Tabiauan, Philippines"
2024-05-22 16:58:45.446,-0.0357,123.4672,98.691,Intermediate,4.4,Light,"77 km SE of Gorontalo, Indonesia"
2024-05-22 17:20:05.159,4.8241,126.2396,73.129,Intermediate,4.4,Light,"107 km SE of Sarangani, Philippines"
2024-05-22 23:16:03.760,-7.6357,127.5502,155.582,Intermediate,4.4,Light,"115 km NNE of Lospalos, Timor Leste"
2024-05-23 01:08:52.823,1.2484,126.5557,59.611,Shallow,4.1,Light,"105 km WNW of Ternate, Indonesia"
2024-05-23 04:56:56.804,8.3533,126.3014,76.237,Intermediate,4.4,Light,"4 km WNW of Loyola, Philippines"
2024-05-23 08:29:19.710,3.0518,127.0092,48.176,Shallow,4.2,Light,"183 km NW of Tobelo, Indonesia"
2024-05-23 11:37:55.517,-4.8826,133.3798,10.0,Shallow,4.5,Light,"107 km NE of Tual, Indonesia"
2024-05-23 22:44:56.487,-7.1107,129.3074,159.857,Intermediate,4.2,Light,"298 km ENE of Lospalos, Timor Leste"
2024-05-24 19:21:27.805,-2.0131,138.9181,29.229,Shallow,4.3,Light,"201 km WNW of Abepura, Indonesia"
2024-05-24 21:31:50.641,-4.7837,139.4729,10.0,Shallow,4.2,Light,"170 km ENE of Agats, Indonesia"
2024-05-24 22:51:20.757,-1.2499,134.9942,30.066,Shallow,4.7,Light,"95 km ENE of Ransiki, Indonesia"
2024-05-25 02:20:08.454,2.3711,126.7089,49.516,Shallow,4.8,Light,"161 km WNW of Tobelo, Indonesia"
2024-05-25 05:55:51.773,0.798,131.7068,10.0,Shallow,4.8,Light,"175 km NE of Waisai, Indonesia"
2024-05-25 06:26:34.191,0.0089,126.7859,70.333,Intermediate,4.2,Light,"104 km NW of Labuha, Indonesia"
2024-05-25 06:47:36.322,1.1117,126.3909,35.203,Shallow,4.3,Light,"116 km WNW of Ternate, Indonesia"
2024-05-25 07:37:17.629,1.1293,126.3869,11.972,Shallow,5.0,Moderate,"117 km WNW of Ternate, Indonesia"
2024-05-25 11:52:45.726,-4.8063,133.8863,10.0,Shallow,4.5,Light,"155 km NE of Tual, Indonesia"
2024-05-25 18:59:01.614,-7.0924,117.1591,607.927,Deep,4.8,Light,"150 km NNW of Pototano, Indonesia"
2024-05-25 23:49:11.679,-3.8349,139.6986,72.036,Intermediate,4.2,Light,"171 km SW of Abepura, Indonesia"
2024-05-26 03:59:18.675,6.137,125.8919,147.769,Intermediate,4.7,Light,"21 km E of Lapuan, Philippines"
2024-05-26 11:58:26.152,8.319,127.5872,10.0,Shallow,4.4,Light,"128 km E of Barcelona, Philippines"
2024-05-26 17:31:03.370,-2.7955,129.3514,10.0,Shallow,4.5,Light,"70 km NE of Masohi, Indonesia"
2024-05-26 23:03:57.414,-9.9106,115.7654,38.982,Shallow,4.1,Light,"135 km SSW of Lembar, Indonesia"
2024-05-27 00:39:20.338,-6.9565,128.0603,311.407,Deep,4.2,Light,"209 km NE of Lospalos, Timor Leste"
2024-05-27 05:28:32.827,0.9649,126.2895,55.361,Shallow,4.5,Light,"123 km W of Ternate, Indonesia"
2024-05-27 09:48:17.793,2.3003,128.6869,32.542,Shallow,4.6,Light,"98 km NE of Tobelo, Indonesia"
2024-05-27 10:49:07.899,-6.5302,129.5489,10.039,Shallow,4.4,Light,Banda Sea
2024-05-27 11:40:12.841,7.4463,124.7104,13.577,Shallow,4.4,Light,"5 km SSW of Banisilan, Philippines"
2024-05-28 01:31:35.135,0.6152,125.9548,41.858,Shallow,4.5,Light,"129 km SE of Bitung, Indonesia"
2024-05-28 01:58:53.167,8.9347,126.2732,65.872,Shallow,4.5,Light,"1 km W of Bacolod, Philippines"
2024-05-28 08:42:59.735,-4.7439,139.4064,10.0,Shallow,4.2,Light,"166 km ENE of Agats, Indonesia"
2024-05-28 12:08:11.026,-8.2027,119.674,192.524,Intermediate,4.5,Light,"40 km NW of Labuan Bajo, Indonesia"
2024-05-28 13:14:36.659,5.4185,126.4129,10.542,Shallow,4.6,Light,"101 km ESE of Caburan, Philippines"
2024-05-28 17:56:11.553,-8.1958,118.9343,7.84,Shallow,4.4,Light,"37 km NE of Bima, Indonesia"
2024-05-28 22:44:37.838,-2.9778,139.5379,64.785,Shallow,4.4,Light,"128 km WSW of Abepura, Indonesia"
2024-05-29 01:04:39.010,-7.0192,129.9608,124.386,Intermediate,4.7,Light,"Kepulauan Babar, Indonesia"
2024-05-29 02:12:08.658,-7.2459,129.0251,156.747,Intermediate,4.5,Light,"264 km ENE of Lospalos, Timor Leste"
2024-05-29 12:00:25.519,4.4842,126.1685,139.589,Intermediate,4.3,Light,"128 km SE of Sarangani, Philippines"
2024-05-29 17:37:25.413,8.1539,137.4762,10.0,Shallow,4.9,Light,"166 km SSW of Colonia, Micronesia"
2024-05-29 21:58:37.448,0.9988,119.8084,29.721,Shallow,4.3,Light,"210 km N of Palu, Indonesia"
2024-05-29 23:46:41.908,8.7819,127.4633,10.0,Shallow,4.6,Light,"127 km E of Aras-asan, Philippines"
2024-05-30 10:15:33.143,-8.2211,118.0959,199.17,Intermediate,4.4,Light,"53 km NW of Dompu, Indonesia"
2024-05-30 10:26:04.174,2.3975,126.8001,55.132,Shallow,4.2,Light,"153 km WNW of Tobelo, Indonesia"
2024-05-30 10:28:50.237,1.4367,126.4923,63.986,Shallow,4.2,Light,"122 km NW of Ternate, Indonesia"
2024-05-30 15:05:49.267,5.2032,126.1199,10.0,Shallow,4.6,Light,"76 km ESE of Sarangani, Philippines"
2024-05-30 17:08:17.919,-2.7221,122.0453,10.0,Shallow,5.0,Moderate,"148 km NNW of Kendari, Indonesia"
2024-05-30 20:52:56.899,5.9341,126.799,151.233,Intermediate,4.4,Light,"83 km SE of Pondaguitan, Philippines"
2024-05-30 22:54:37.665,5.6407,126.0584,105.577,Intermediate,4.8,Light,"55 km ESE of Caburan, Philippines"
2024-05-31 01:54:46.255,1.811,122.4622,478.903,Deep,4.3,Light,"155 km NNW of Gorontalo, Indonesia"
2024-05-31 06:11:14.319,9.7536,125.5743,154.045,Intermediate,4.0,Light,"3 km ENE of Capalayan, Philippines"
2024-05-31 16:18:49.759,-5.5835,133.9225,10.0,Shallow,4.4,Light,"129 km E of Tual, Indonesia"
2024-05-31 16:59:30.261,-3.9046,131.4363,35.0,Shallow,4.0,Light,"144 km SW of Fakfak, Indonesia"
2024-05-31 20:21:16.838,7.7702,126.9889,13.673,Shallow,4.4,Light,"49 km E of Kinablangan, Philippines"
2024-05-31 23:27:15.914,-3.1006,128.1289,44.273,Shallow,4.3,Light,"66 km N of Ambon, Indonesia"
2024-06-01 00:37:52.507,-0.0246,123.3358,138.23,Intermediate,4.5,Light,"69 km SSE of Gorontalo, Indonesia"
2024-06-01 01:30:49.637,-5.4847,129.3867,263.475,Intermediate,4.0,Light,"238 km SE of Ambon, Indonesia"
2024-06-01 04:17:06.969,8.9136,126.2895,65.653,Shallow,4.7,Light,"1 km S of Bacolod, Philippines"
2024-06-01 05:49:50.968,-2.0472,128.3331,10.0,Shallow,4.6,Light,"155 km NNW of Masohi, Indonesia"
2024-06-01 07:12:40.700,-8.8368,124.0343,110.224,Intermediate,4.8,Light,"55 km NW of Pante Makasar, Timor Leste"
2024-06-01 11:01:43.411,-1.6626,134.5006,36.038,Shallow,5.0,Moderate,"40 km ESE of Ransiki, Indonesia"
2024-06-01 12:15:51.031,1.4784,126.9922,121.252,Intermediate,4.3,Light,"87 km NNW of Ternate, Indonesia"
2024-06-01 14:13:15.535,2.4354,128.1828,135.767,Intermediate,4.8,Light,"80 km NNE of Tobelo, Indonesia"
2024-06-02 00:09:49.835,-6.1309,126.634,10.0,Shallow,4.1,Light,"260 km N of Baukau, Timor Leste"
2024-06-02 06:47:28.837,0.914,125.2979,78.11,Intermediate,4.7,Light,"60 km SE of Tondano, Indonesia"
2024-06-02 09:22:03.680,2.0429,127.8149,233.222,Intermediate,4.8,Light,"40 km NNW of Tobelo, Indonesia"
2024-06-02 13:58:01.394,-0.2229,122.4956,10.0,Shallow,4.6,Light,"86 km NNW of Luwuk, Indonesia"
2024-06-02 19:42:20.038,7.3397,126.7927,62.882,Shallow,4.2,Light,"24 km ENE of Santiago, Philippines"
2024-06-02 21:43:40.775,-2.9237,138.8345,48.904,Shallow,5.0,Moderate,"203 km W of Abepura, Indonesia"
2024-06-02 21:48:23.748,-7.6964,123.6746,269.235,Intermediate,4.0,Light,"183 km NNW of Pante Makasar, Timor Leste"
2024-06-03 02:35:52.532,-7.3103,128.6544,140.979,Intermediate,4.3,Light,"226 km NE of Lospalos, Timor Leste"
2024-06-03 05:46:31.292,8.8054,122.1035,10.0,Shallow,4.9,Light,"89 km SW of Basay, Philippines"
2024-06-03 12:12:37.027,8.9337,126.6285,57.406,Shallow,4.6,Light,"35 km E of Aras-asan, Philippines"
2024-06-03 21:16:09.781,-4.1309,123.376,10.14,Shallow,4.8,Light,"97 km E of Kendari, Indonesia"
2024-06-03 21:44:23.442,-9.5111,111.6747,28.645,Shallow,4.4,Light,"155 km S of Boyolangu, Indonesia"
2024-06-03 23:18:58.564,0.7075,126.0274,36.643,Shallow,4.4,Light,"128 km SE of Bitung, Indonesia"
2024-06-04 01:33:39.697,2.5,125.6697,150.886,Intermediate,4.3,Light,"131 km NNE of Bitung, Indonesia"
2024-06-04 02:43:25.711,-6.7864,130.8684,35.0,Shallow,4.3,Light,"244 km WSW of Tual, Indonesia"
2024-06-04 09:10:48.292,0.7248,126.1364,11.344,Shallow,4.5,Light,"137 km SE of Bitung, Indonesia"
2024-06-04 11:57:32.154,5.7362,126.2053,100.766,Intermediate,4.2,Light,"64 km ESE of Mangili, Philippines"
2024-06-04 17:05:22.326,-3.5998,127.3315,10.0,Shallow,4.6,Light,"95 km W of Ambon, Indonesia"
2024-06-05 02:07:37.049,-3.4828,131.2709,10.0,Shallow,4.4,Light,"129 km WSW of Fakfak, Indonesia"
2024-06-05 06:30:18.894,-7.9087,117.9494,206.392,Intermediate,4.8,Light,"75 km NE of Pototano, Indonesia"
2024-06-05 16:40:42.213,-8.922,112.5042,63.931,Shallow,4.2,Light,"83 km SSW of Dampit, Indonesia"
2024-06-06 03:43:18.005,1.6896,127.1997,106.392,Intermediate,4.4,Light,"90 km W of Tobelo, Indonesia"
2024-06-06 13:15:37.463,-9.0052,116.8448,10.967,Shallow,5.0,Moderate,"28 km S of Taliwang, Indonesia"
2024-06-06 13:33:51.999,-2.9853,138.2779,37.384,Shallow,4.6,Light,"265 km W of Abepura, Indonesia"
2024-06-06 15:11:26.981,4.8079,126.1105,78.534,Intermediate,4.5,Light,"97 km SE of Sarangani, Philippines"
2024-06-06 18:57:38.825,-7.1935,121.0887,529.051,Deep,4.8,Light,"171 km NNE of Ruteng, Indonesia"
2024-06-06 19:00:25.059,0.0854,122.9882,176.316,Intermediate,4.4,Light,"50 km S of Gorontalo, Indonesia"
2024-06-07 00:46:49.787,-3.3966,128.298,91.39,Intermediate,4.5,Light,"35 km NNE of Ambon, Indonesia"
2024-06-07 06:17:54.382,4.8208,125.3795,9.732,Shallow,4.2,Light,"65 km S of Sarangani, Philippines"
2024-06-07 16:31:04.714,-2.994,139.2269,39.22,Shallow,5.3,Moderate,"162 km WSW of Abepura, Indonesia"
2024-06-08 03:09:42.194,1.106,126.4358,41.782,Shallow,4.4,Light,"111 km WNW of Ternate, Indonesia"
2024-06-08 11:03:02.515,1.4247,127.1965,151.14,Intermediate,4.5,Light,"73 km NNW of Ternate, Indonesia"
2024-06-08 13:07:19.775,6.6732,123.7476,10.703,Shallow,4.8,Light,"31 km W of Taguisa, Philippines"
2024-06-08 16:09:21.821,8.7576,126.8774,45.081,Shallow,4.4,Light,"63 km ESE of Aras-asan, Philippines"
2024-06-08 17:21:03.767,-7.4625,128.5892,145.286,Intermediate,4.4,Light,"210 km NE of Lospalos, Timor Leste"
2024-06-08 23:34:41.717,6.2619,127.4001,10.0,Shallow,4.4,Light,"135 km E of Pondaguitan, Philippines"
2024-06-09 01:04:45.532,4.8573,126.0864,96.521,Intermediate,4.7,Light,"91 km SE of Sarangani, Philippines"
2024-06-09 05:59:31.491,-3.0931,127.8941,51.748,Shallow,4.0,Light,"73 km NNW of Ambon, Indonesia"
2024-06-09 10:21:04.870,-6.0411,129.3504,259.436,Intermediate,4.4,Light,"289 km SSE of Ambon, Indonesia"
2024-06-09 11:15:59.913,-2.9812,139.1659,32.815,Shallow,4.6,Light,"168 km WSW of Abepura, Indonesia"
2024-06-09 23:39:07.790,-3.0248,127.7925,43.21,Shallow,4.5,Light,"85 km NNW of Ambon, Indonesia"
2024-06-10 01:29:29.672,-5.9321,131.1775,68.999,Shallow,4.5,Light,"177 km W of Tual, Indonesia"
2024-06-10 01:44:28.227,4.0851,126.746,35.0,Shallow,4.3,Light,"203 km SE of Sarangani, Philippines"
2024-06-10 02:47:57.816,-3.3321,126.8794,10.225,Shallow,4.6,Light,"150 km WNW of Ambon, Indonesia"
2024-06-10 06:02:05.404,0.26,124.8977,78.925,Intermediate,4.6,Light,"55 km ESE of Modisi, Indonesia"
2024-06-10 10:41:12.770,1.1668,126.1939,37.26,Shallow,4.4,Light,"122 km ESE of Bitung, Indonesia"
2024-06-10 15:18:19.893,5.1238,126.6921,10.219,Shallow,4.4,Light,"139 km ESE of Sarangani, Philippines"
2024-06-10 16:02:30.831,1.2488,121.8009,40.216,Shallow,4.5,Light,"160 km WNW of Gorontalo, Indonesia"
2024-06-10 23:24:23.587,2.4788,128.4537,233.089,Intermediate,4.2,Light,"96 km NNE of Tobelo, Indonesia"
2024-06-11 06:58:36.087,9.4523,119.739,9.9,Shallow,5.2,Moderate,"97 km SE of Caramay, Philippines"
2024-06-12 07:26:41.388,1.7687,127.1357,95.885,Intermediate,4.4,Light,"97 km W of Tobelo, Indonesia"
2024-06-12 14:07:52.435,8.8144,126.2809,68.978,Shallow,4.7,Light,"1 km WNW of Marihatag, Philippines"
2024-06-12 17:01:20.867,4.3762,126.4544,39.0,Shallow,5.8,Moderate,"158 km SE of Sarangani, Philippines"
2024-06-12 18:10:59.009,-2.9337,130.2509,10.0,Shallow,4.7,Light,"148 km ENE of Masohi, Indonesia"
2024-06-13 15:35:15.569,-7.5433,127.705,155.338,Intermediate,4.8,Light,"133 km NE of Lospalos, Timor Leste"
2024-06-13 18:28:55.463,-4.6714,129.2069,214.131,Intermediate,4.1,Light,"150 km SSE of Amahai, Indonesia"
2024-06-13 19:44:01.649,5.5951,125.9799,111.276,Intermediate,4.5,Light,"51 km SE of Caburan, Philippines"
2024-06-13 21:45:27.830,8.919,126.4202,61.539,Shallow,4.8,Light,"12 km ENE of Aras-asan, Philippines"
2024-06-14 06:18:26.460,9.1691,126.5783,50.48,Shallow,4.2,Light,"40 km ENE of La Paz, Philippines"
2024-06-14 08:18:47.228,2.1735,128.1289,168.946,Intermediate,4.5,Light,"50 km NNE of Tobelo, Indonesia"
2024-06-14 09:44:31.067,-7.5309,128.094,135.74,Intermediate,4.1,Light,"163 km NE of Lospalos, Timor Leste"
2024-06-14 11:09:14.443,5.2248,125.9101,93.94,Intermediate,4.4,Light,"53 km ESE of Sarangani, Philippines"
2024-06-14 23:26:57.176,-2.9156,130.2422,10.0,Shallow,4.4,Light,"147 km ENE of Masohi, Indonesia"
2024-06-15 00:03:57.780,1.2889,126.1095,35.076,Shallow,4.3,Light,"110 km E of Bitung, Indonesia"
2024-06-15 01:55:38.431,-0.2749,124.4653,63.12,Shallow,4.3,Light,"80 km S of Modisi, Indonesia"
2024-06-15 05:35:44.133,7.8135,137.1248,10.0,Shallow,4.6,Light,"217 km SSW of Colonia, Micronesia"
2024-06-15 11:26:42.029,-8.2669,119.6268,147.269,Intermediate,4.0,Light,"38 km NW of Labuan Bajo, Indonesia"
2024-06-15 13:08:14.671,3.1837,127.2673,45.789,Shallow,5.6,Moderate,"180 km NNW of Tobelo, Indonesia"
2024-06-15 14:48:47.170,7.7633,137.1323,10.0,Shallow,4.8,Light,"222 km SSW of Colonia, Micronesia"
2024-06-15 15:17:55.734,-3.0257,130.0302,16.705,Shallow,4.5,Light,"121 km ENE of Masohi, Indonesia"
2024-06-15 16:41:00.598,-1.6664,124.5783,10.0,Shallow,4.4,Light,"161 km WNW of Sanana, Indonesia"
2024-06-15 17:14:15.458,-3.1137,130.6775,18.069,Shallow,4.3,Light,"181 km W of Fakfak, Indonesia"
2024-06-16 01:53:11.671,3.9485,126.2188,102.995,Intermediate,4.1,Light,"181 km SSE of Sarangani, Philippines"
2024-06-16 02:32:56.903,-9.4184,119.4539,90.71,Intermediate,4.3,Light,"23 km E of Tambolaka, Indonesia"
2024-06-16 11:49:04.817,4.8219,125.2875,58.813,Shallow,4.9,Light,"67 km SSW of Sarangani, Philippines"
2024-06-16 13:09:16.636,-9.4645,112.8829,59.234,Shallow,4.8,Light,"139 km S of Dampit, Indonesia"
2024-06-17 02:21:34.260,-6.96,129.7605,128.397,Intermediate,4.3,Light,Banda Sea
2024-06-17 17:15:15.254,-2.2207,138.4616,29.188,Shallow,4.2,Light,"244 km W of Abepura, Indonesia"
2024-06-17 22:37:24.301,-6.9899,127.8416,271.87,Intermediate,4.2,Light,"193 km NNE of Lospalos, Timor Leste"
2024-06-18 13:23:44.468,-6.0344,131.4602,80.361,Intermediate,4.4,Light,"149 km WSW of Tual, Indonesia"
2024-06-19 07:38:41.755,-3.4268,131.0301,34.163,Shallow,4.4,Light,"151 km WSW of Fakfak, Indonesia"
2024-06-19 12:36:32.926,-6.8691,129.7303,162.887,Intermediate,4.3,Light,Banda Sea
2024-06-19 13:03:44.335,-8.2476,119.5232,178.258,Intermediate,4.5,Light,"37 km N of Komodo, Indonesia"
2024-06-19 16:39:24.641,-3.0061,130.345,10.0,Shallow,4.4,Light,"156 km ENE of Masohi, Indonesia"
2024-06-21 00:11:17.451,-3.5436,139.8835,77.081,Intermediate,5.0,Moderate,"133 km SW of Abepura, Indonesia"
2024-06-21 06:38:17.827,-7.826,118.2574,195.917,Intermediate,4.5,Light,"81 km NNW of Dompu, Indonesia"
2024-06-21 09:56:21.290,-7.3783,129.0726,105.851,Intermediate,4.4,Light,"261 km ENE of Lospalos, Timor Leste"
2024-06-21 10:14:46.671,3.0451,127.9033,137.343,Intermediate,4.3,Light,"146 km N of Tobelo, Indonesia"
2024-06-21 19:03:07.615,8.4795,126.9757,46.522,Shallow,4.7,Light,"69 km ENE of Barcelona, Philippines"
2024-06-21 19:09:13.416,1.4602,127.158,122.399,Intermediate,4.6,Light,"78 km NNW of Ternate, Indonesia"
2024-06-21 23:53:15.771,-2.691,128.8609,22.913,Shallow,4.5,Light,"68 km N of Masohi, Indonesia"
2024-06-22 00:06:38.917,-4.1428,127.5225,240.488,Intermediate,4.2,Light,"88 km SW of Ambon, Indonesia"
2024-06-22 02:20:16.344,-3.3931,123.4268,10.0,Shallow,4.4,Light,"120 km ENE of Kendari, Indonesia"
2024-06-22 04:36:11.843,-5.7019,129.0086,244.072,Intermediate,4.3,Light,"239 km SSE of Ambon, Indonesia"
2024-06-22 04:47:15.134,-5.9599,129.7928,164.18,Intermediate,4.2,Light,Banda Sea
2024-06-22 09:13:20.477,-2.8186,129.5288,10.0,Shallow,4.5,Light,"81 km NE of Masohi, Indonesia"
2024-06-22 09:24:01.783,-2.8347,129.5274,10.0,Shallow,4.8,Light,"80 km NE of Masohi, Indonesia"
2024-06-22 09:56:08.553,-2.7893,129.5468,10.0,Shallow,4.6,Light,"85 km NE of Masohi, Indonesia"
2024-06-22 16:09:23.654,5.1831,125.9944,10.544,Shallow,4.5,Light,"63 km ESE of Sarangani, Philippines"
2024-06-22 22:11:35.718,6.6853,126.5631,71.358,Intermediate,4.6,Light,"32 km SE of Bobon, Philippines"
2024-06-22 23:03:39.708,1.5785,126.8184,117.495,Intermediate,4.4,Light,"107 km NW of Ternate, Indonesia"
2024-06-23 04:50:53.444,4.7844,127.7135,79.482,Intermediate,4.9,Light,"243 km SE of Pondaguitan, Philippines"
2024-06-23 05:20:02.807,0.161,123.6036,143.476,Intermediate,4.1,Light,"73 km SE of Gorontalo, Indonesia"
2024-06-23 13:32:37.013,8.7823,126.7582,50.136,Shallow,4.6,Light,"50 km ESE of Aras-asan, Philippines"
2024-06-23 22:58:45.433,1.9554,128.4441,72.942,Intermediate,4.7,Light,"54 km ENE of Tobelo, Indonesia"
2024-06-24 09:55:00.563,-7.0643,129.9588,87.686,Intermediate,5.4,Moderate,"Kepulauan Babar, Indonesia"
2024-06-24 12:14:14.715,0.1667,124.8564,86.834,Intermediate,4.3,Light,"56 km SE of Modisi, Indonesia"
2024-06-24 22:35:23.669,8.4727,126.9757,35.0,Shallow,4.2,Light,"68 km ENE of Barcelona, Philippines"
2024-06-25 02:20:04.135,-4.5545,139.7387,10.0,Shallow,4.3,Light,"208 km ENE of Agats, Indonesia"
2024-06-25 04:27:59.341,-1.5654,126.4371,39.61,Shallow,4.8,Light,"74 km NE of Sanana, Indonesia"
2024-06-25 05:25:22.466,2.3147,128.5849,237.499,Intermediate,4.4,Light,"91 km NE of Tobelo, Indonesia"
2024-06-25 17:06:00.031,3.2592,128.253,76.927,Intermediate,4.0,Light,"171 km N of Tobelo, Indonesia"
2024-06-25 19:59:02.397,-0.0567,123.476,99.428,Intermediate,4.2,Light,"80 km SE of Gorontalo, Indonesia"
2024-06-25 21:25:13.564,-3.138,130.584,10.0,Shallow,4.6,Light,"180 km E of Masohi, Indonesia"
2024-06-26 07:18:07.171,5.6364,125.6322,202.604,Intermediate,4.5,Light,"17 km ESE of Kalbay, Philippines"
2024-06-26 16:49:38.755,-2.5595,133.2138,10.0,Shallow,4.2,Light,"60 km SW of Bintuni, Indonesia"
2024-06-26 18:41:33.047,-8.1571,123.8343,169.626,Intermediate,4.2,Light,"130 km NNW of Pante Makasar, Timor Leste"
2024-06-26 19:41:28.220,-0.2421,123.1288,76.623,Intermediate,4.1,Light,"86 km S of Gorontalo, Indonesia"
2024-06-26 23:30:39.588,-5.9579,126.6144,9.78,Shallow,4.6,Light,"278 km N of Baukau, Timor Leste"
2024-06-27 03:46:36.257,-0.3864,123.237,52.135,Shallow,4.7,Light,"80 km NE of Luwuk, Indonesia"
2024-06-27 06:56:38.182,-6.441,129.1013,203.467,Intermediate,4.4,Light,Banda Sea
2024-06-28 04:02:08.057,8.7107,126.6149,57.121,Shallow,4.3,Light,"36 km ESE of Marihatag, Philippines"
2024-06-28 10:03:10.713,5.8251,125.2739,10.0,Shallow,4.3,Light,"5 km WSW of Kiupo, Philippines"
2024-06-29 04:03:32.777,1.7579,127.2932,115.817,Intermediate,4.1,Light,"79 km W of Tobelo, Indonesia"
2024-06-29 14:22:00.348,6.7968,127.1617,62.155,Shallow,4.4,Light,"82 km ESE of San Ignacio, Philippines"
2024-06-29 19:16:45.771,-2.5655,129.6497,10.0,Shallow,4.4,Light,"110 km NE of Masohi, Indonesia"
2024-06-29 21:22:08.127,9.8509,124.0745,605.151,Deep,4.3,Light,"7 km SSW of Sagbayan, Philippines"
2024-06-30 04:53:03.414,-7.4999,128.1766,154.379,Intermediate,4.2,Light,"172 km NE of Lospalos, Timor Leste"
2024-06-30 06:24:05.224,3.4627,124.4523,320.257,Deep,4.0,Light,"223 km NNW of Manado, Indonesia"
2024-06-30 15:00:04.521,-6.4168,130.3789,138.422,Intermediate,4.1,Light,"276 km WSW of Tual, Indonesia"
2024-06-30 15:28:34.577,2.9365,125.7646,9.984,Shallow,4.5,Light,"179 km NNE of Bitung, Indonesia"
2024-06-30 16:06:37.072,6.0254,123.8748,530.12,Deep,4.4,Light,"40 km WSW of Palimbang, Philippines"
2024-06-30 23:54:27.894,-8.4548,121.946,205.056,Intermediate,4.5,Light,"34 km WNW of Maumere, Indonesia"
2024-07-01 09:14:35.607,-2.2167,120.954,10.0,Shallow,4.5,Light,"78 km ENE of Masamba, Indonesia"
2024-07-01 18:28:06.334,-2.7791,134.2216,9.625,Shallow,4.2,Light,"107 km SE of Bintuni, Indonesia"
2024-07-01 23:58:15.638,-4.3189,136.912,10.0,Shallow,4.3,Light,"189 km SE of Nabire, Indonesia"
2024-07-02 02:46:03.794,-6.3043,130.099,167.004,Intermediate,4.9,Light,Banda Sea
2024-07-02 03:01:06.571,3.1535,127.0405,35.0,Shallow,4.4,Light,"190 km NW of Tobelo, Indonesia"
2024-07-02 03:30:48.206,3.1263,126.7697,55.714,Shallow,4.5,Light,"207 km NW of Tobelo, Indonesia"
2024-07-02 04:08:45.665,-6.7106,128.8549,212.019,Intermediate,4.3,Light,"286 km NE of Lospalos, Timor Leste"
2024-07-02 08:46:06.654,-6.8478,130.6003,45.805,Shallow,4.2,Light,"273 km WSW of Tual, Indonesia"
2024-07-02 16:49:08.240,9.013,126.9102,10.0,Shallow,4.4,Light,"67 km ENE of Aras-asan, Philippines"
2024-07-02 22:07:26.165,-0.6616,122.6595,10.0,Shallow,4.6,Light,"35 km NNW of Luwuk, Indonesia"
2024-07-02 22:58:18.101,3.0721,129.3192,10.0,Shallow,4.2,Light,"200 km W of Tobi Village, Palau"
2024-07-03 13:27:50.397,-3.2703,135.6748,10.0,Shallow,4.1,Light,"21 km ENE of Nabire, Indonesia"
2024-07-03 15:21:44.490,-6.3033,130.3797,151.41,Intermediate,4.6,Light,"273 km WSW of Tual, Indonesia"
2024-07-03 23:00:33.177,2.5454,127.049,62.056,Shallow,4.6,Light,"139 km NW of Tobelo, Indonesia"
2024-07-04 04:43:05.468,-4.3118,127.3943,283.278,Intermediate,4.2,Light,"110 km SW of Ambon, Indonesia"
2024-07-04 06:59:47.154,-7.4118,128.6775,152.203,Intermediate,4.5,Light,"222 km ENE of Lospalos, Timor Leste"
2024-07-04 07:30:20.222,9.0729,126.6158,63.42,Shallow,4.5,Light,"39 km ENE of Bacolod, Philippines"
2024-07-04 11:37:32.124,-9.5181,113.9265,56.862,Shallow,4.4,Light,"126 km S of Gambiran Satu, Indonesia"
2024-07-05 07:21:47.038,-7.5522,127.7642,161.044,Intermediate,4.4,Light,"136 km NE of Lospalos, Timor Leste"
2024-07-05 11:41:05.302,-8.1109,119.9248,195.632,Intermediate,4.5,Light,"42 km N of Labuan Bajo, Indonesia"
2024-07-05 11:45:13.738,-8.77,124.3437,86.153,Intermediate,4.1,Light,"47 km N of Pante Makasar, Timor Leste"
2024-07-05 16:31:13.056,-0.8209,110.2879,10.0,Shallow,4.3,Light,"138 km SE of Pontianak, Indonesia"
2024-07-05 18:38:52.035,-3.0885,139.4406,56.607,Shallow,4.1,Light,"143 km WSW of Abepura, Indonesia"
2024-07-06 08:26:26.939,-6.6832,131.7226,10.0,Shallow,4.5,Light,"163 km SW of Tual, Indonesia"
2024-07-06 13:26:47.455,-8.5466,112.5408,87.813,Intermediate,4.2,Light,"42 km SSW of Gongdanglegi Kulon, Indonesia"
2024-07-06 16:58:09.635,7.6849,126.9864,8.121,Shallow,4.3,Light,"48 km E of Kinablangan, Philippines"
2024-07-06 17:25:59.084,7.6717,127.0054,53.37,Shallow,5.0,Moderate,"50 km ENE of Baganga, Philippines"
2024-07-06 22:41:12.407,7.8816,127.3068,10.0,Shallow,4.5,Light,"86 km ENE of Kinablangan, Philippines"
2024-07-07 08:49:46.585,6.49,127.6588,10.0,Shallow,4.1,Light,"146 km ESE of San Ignacio, Philippines"
2024-07-07 21:06:54.323,-2.982,126.8319,9.705,Shallow,4.1,Light,"139 km SE of Sanana, Indonesia"
2024-07-08 00:50:48.285,5.0443,127.0282,110.365,Intermediate,4.1,Light,"173 km SSE of Pondaguitan, Philippines"
2024-07-08 08:19:04.027,9.0638,126.7309,41.865,Shallow,4.8,Light,"50 km ENE of Aras-asan, Philippines"
2024-07-08 10:11:43.063,-2.6429,128.7505,24.293,Shallow,4.3,Light,"76 km NNW of Masohi, Indonesia"
2024-07-08 13:06:50.510,8.4039,126.3019,90.812,Intermediate,4.4,Light,"4 km NW of Hinatuan, Philippines"
2024-07-08 13:12:39.120,-7.5428,127.9582,145.018,Intermediate,4.2,Light,"151 km NE of Lospalos, Timor Leste"
2024-07-08 14:49:42.955,1.585,127.7619,7.722,Shallow,4.5,Light,"31 km WSW of Tobelo, Indonesia"
2024-07-08 18:13:04.627,-0.9502,127.4577,10.0,Shallow,4.2,Light,"35 km S of Labuha, Indonesia"
2024-07-08 21:27:28.924,-7.4325,125.8857,10.919,Shallow,4.3,Light,"120 km N of Manatutu, Timor Leste"
2024-07-08 22:26:43.930,0.8356,124.6908,8.371,Shallow,4.3,Light,"51 km NNE of Modisi, Indonesia"
2024-07-08 22:39:20.117,-6.4471,127.8632,366.576,Deep,4.3,Light,"248 km NNE of Lospalos, Timor Leste"
2024-07-09 13:50:01.131,1.1409,128.274,10.323,Shallow,4.6,Light,"48 km N of Maba, Indonesia"
2024-07-10 16:47:06.489,-7.1193,128.7777,10.0,Shallow,4.3,Light,"250 km NE of Lospalos, Timor Leste"
2024-07-10 20:24:22.980,-6.376,128.4541,294.611,Intermediate,4.2,Light,"286 km NE of Lospalos, Timor Leste"
2024-07-11 02:13:18.585,6.0838,123.1503,639.503,Deep,7.1,Major,"106 km WSW of Sangay, Philippines"
2024-07-11 04:04:32.236,-6.7725,130.2325,114.573,Intermediate,4.5,Light,Banda Sea
2024-07-11 08:34:21.584,-8.9479,124.2237,65.588,Shallow,4.5,Light,"32 km NNW of Pante Makasar, Timor Leste"
2024-07-11 10:11:50.217,-7.1041,129.5276,117.973,Intermediate,4.3,Light,"Kepulauan Babar, Indonesia"
2024-07-11 12:30:56.256,4.1353,124.2515,372.415,Deep,4.3,Light,"194 km SW of Sarangani, Philippines"
2024-07-11 16:19:41.689,-6.3147,128.4155,332.547,Deep,4.4,Light,"289 km NNE of Lospalos, Timor Leste"
2024-07-11 16:24:21.787,-0.1146,124.014,101.558,Intermediate,4.6,Light,"78 km SW of Modisi, Indonesia"
2024-07-11 17:43:40.543,4.5156,126.6038,51.444,Shallow,4.1,Light,"160 km SE of Sarangani, Philippines"
2024-07-11 18:25:18.983,-8.0727,117.829,10.0,Shallow,4.3,Light,"53 km NE of Pototano, Indonesia"
2024-07-12 00:39:31.120,8.0036,126.72,68.611,Shallow,4.3,Light,"30 km E of Santa Maria, Philippines"
2024-07-12 10:34:00.855,1.2947,126.3177,10.0,Shallow,5.0,Moderate,"131 km WNW of Ternate, Indonesia"
2024-07-12 11:50:08.822,-3.774,126.0627,10.0,Shallow,4.9,Light,"189 km S of Sanana, Indonesia"
2024-07-12 12:46:19.292,-6.3924,124.5354,596.73,Deep,4.7,Light,"237 km ESE of Baubau, Indonesia"
2024-07-12 12:56:02.964,-0.2277,124.5491,11.797,Shallow,4.3,Light,"76 km S of Modisi, Indonesia"
2024-07-12 17:47:43.190,-6.7721,129.8032,169.4,Intermediate,4.4,Light,Banda Sea
2024-07-13 02:21:13.942,-7.1641,128.7423,10.0,Shallow,4.2,Light,"243 km NE of Lospalos, Timor Leste"
2024-07-13 16:12:51.061,4.8663,126.2235,82.893,Intermediate,4.5,Light,"103 km SE of Sarangani, Philippines"
2024-07-14 00:52:16.361,-7.4762,128.3337,108.734,Intermediate,4.2,Light,"187 km NE of Lospalos, Timor Leste"
2024-07-14 07:27:45.821,3.8812,128.1604,10.16,Shallow,4.9,Light,"238 km N of Tobelo, Indonesia"
2024-07-14 10:01:00.924,8.4574,126.143,11.549,Shallow,4.6,Light,"3 km W of Tagbina, Philippines"
2024-07-14 12:03:33.466,5.6272,126.8542,103.496,Intermediate,4.5,Light,"110 km SE of Pondaguitan, Philippines"
2024-07-14 18:44:01.712,-9.0205,123.5329,104.763,Intermediate,4.4,Light,"68 km NNW of Naisano Dua, Indonesia"
2024-07-15 13:40:17.691,2.4755,121.9454,547.658,Deep,4.2,Light,"247 km NNW of Gorontalo, Indonesia"
2024-07-16 07:00:38.940,2.041,126.6234,42.337,Shallow,4.2,Light,"158 km WNW of Tobelo, Indonesia"
2024-07-16 07:38:11.780,-0.0716,122.2244,243.744,Intermediate,4.6,Light,"115 km SW of Gorontalo, Indonesia"
2024-07-16 23:39:33.444,1.2023,126.1216,48.375,Shallow,5.3,Moderate,"113 km ESE of Bitung, Indonesia"
2024-07-17 03:16:05.290,-4.6654,139.8557,10.0,Shallow,4.1,Light,"214 km ENE of Agats, Indonesia"
2024-07-17 19:17:41.344,4.2527,124.6162,23.714,Shallow,4.6,Light,"158 km SW of Sarangani, Philippines"
2024-07-17 19:49:58.191,-5.689,110.3505,553.645,Deep,4.3,Light,"96 km NNW of Batang, Indonesia"
2024-07-18 05:39:55.732,8.6935,126.6749,50.368,Shallow,5.1,Moderate,"43 km ESE of Marihatag, Philippines"
2024-07-18 08:29:26.216,8.7511,126.6641,62.387,Shallow,4.6,Light,"40 km E of Marihatag, Philippines"
2024-07-18 09:37:55.061,8.7084,126.5248,81.194,Intermediate,4.3,Light,"27 km ESE of Marihatag, Philippines"
2024-07-18 21:53:06.944,1.5326,127.7436,10.0,Shallow,4.4,Light,"36 km SW of Tobelo, Indonesia"
2024-07-19 06:14:53.259,1.3134,126.2062,49.828,Shallow,4.2,Light,"120 km E of Bitung, Indonesia"
2024-07-19 06:19:31.120,6.8522,123.7377,10.194,Shallow,4.9,Light,"31 km W of Gadung, Philippines"
2024-07-19 06:49:59.281,-3.353,139.1557,57.687,Shallow,4.5,Light,"184 km WSW of Abepura, Indonesia"
2024-07-19 13:36:03.499,0.7348,126.0494,21.222,Shallow,5.0,Moderate,"128 km SE of Bitung, Indonesia"
2024-07-19 14:31:30.055,1.5195,127.7706,10.0,Shallow,5.0,Moderate,"35 km SW of Tobelo, Indonesia"
2024-07-19 14:36:14.348,1.5763,127.7664,8.149,Shallow,5.1,Moderate,"31 km WSW of Tobelo, Indonesia"
2024-07-19 14:58:36.454,1.5213,127.7881,12.424,Shallow,4.4,Light,"33 km SW of Tobelo, Indonesia"
2024-07-19 17:06:54.309,1.5116,127.7517,9.272,Shallow,4.5,Light,"37 km SW of Tobelo, Indonesia"
2024-07-19 18:48:24.479,1.562,127.7821,8.764,Shallow,4.1,Light,"31 km SW of Tobelo, Indonesia"
2024-07-19 19:36:20.892,-6.1783,130.1719,106.248,Intermediate,4.2,Light,"292 km WSW of Tual, Indonesia"
2024-07-19 20:09:32.607,-2.106,138.3421,29.84,Shallow,4.5,Light,"260 km WNW of Abepura, Indonesia"
2024-07-20 08:02:36.514,-7.8989,122.722,247.907,Intermediate,4.2,Light,"97 km NE of Maumere, Indonesia"
2024-07-20 09:55:00.422,0.964,124.0202,261.64,Intermediate,4.3,Light,"73 km NW of Modisi, Indonesia"
2024-07-21 05:23:08.728,8.9269,126.1739,57.625,Shallow,4.6,Light,"8 km S of Gamut, Philippines"
2024-07-21 06:52:41.506,1.1856,120.3646,29.505,Shallow,4.3,Light,"237 km NNE of Palu, Indonesia"
2024-07-21 07:22:21.501,-0.0111,123.8288,106.297,Intermediate,4.4,Light,"84 km SW of Modisi, Indonesia"
2024-07-21 21:53:23.886,-5.1998,133.7345,10.0,Shallow,4.3,Light,"118 km ENE of Tual, Indonesia"
2024-07-22 07:43:45.839,7.7878,126.0357,10.0,Shallow,4.5,Light,"3 km SW of Monkayo, Philippines"
2024-07-22 14:47:16.975,-5.3334,131.1812,63.93,Shallow,5.0,Moderate,"177 km W of Tual, Indonesia"
2024-07-22 17:13:10.543,-7.2906,129.4469,99.666,Intermediate,4.2,Light,"Kepulauan Babar, Indonesia"
2024-07-23 01:02:44.976,-6.9018,127.0095,396.417,Deep,4.3,Light,"179 km N of Lospalos, Timor Leste"
2024-07-23 01:59:40.184,-9.0595,123.9165,61.866,Shallow,4.1,Light,"53 km WNW of Pante Makasar, Timor Leste"
2024-07-23 09:28:37.322,1.522,127.7874,10.0,Shallow,4.9,Light,"33 km SW of Tobelo, Indonesia"
2024-07-23 23:26:58.665,-8.4323,128.827,10.0,Shallow,4.5,Light,"201 km E of Lospalos, Timor Leste"
2024-07-24 00:22:08.822,-2.9716,139.2043,45.484,Shallow,5.2,Moderate,"164 km WSW of Abepura, Indonesia"
2024-07-24 00:43:05.887,-6.8505,125.2827,524.857,Deep,4.8,Light,"191 km N of Dili, Timor Leste"
2024-07-24 05:08:06.043,-4.5697,125.7542,429.52,Deep,4.2,Light,"278 km S of Sanana, Indonesia"
2024-07-24 08:44:38.649,9.8787,122.0111,43.949,Shallow,4.3,Light,"42 km W of Bulata, Philippines"
2024-07-24 09:34:17.980,2.8779,126.597,63.095,Shallow,4.1,Light,"202 km NW of Tobelo, Indonesia"
2024-07-24 10:36:04.380,1.5141,126.4066,35.427,Shallow,4.3,Light,"135 km NW of Ternate, Indonesia"
2024-07-24 12:42:51.663,-6.5121,130.0446,153.351,Intermediate,5.1,Moderate,Banda Sea
2024-07-24 23:00:11.503,0.4755,123.9969,198.448,Intermediate,4.1,Light,"49 km W of Modisi, Indonesia"
2024-07-25 01:40:11.516,-4.4384,136.9747,10.0,Shallow,4.2,Light,"177 km NW of Agats, Indonesia"
2024-07-25 11:18:35.074,7.8196,137.1321,13.342,Shallow,4.7,Light,"216 km SSW of Colonia, Micronesia"
2024-07-25 17:12:03.238,-3.1751,139.9193,46.336,Shallow,4.4,Light,"101 km SW of Abepura, Indonesia"
2024-07-25 20:32:17.453,-7.3691,128.681,144.012,Intermediate,5.5,Moderate,"225 km NE of Lospalos, Timor Leste"
2024-07-26 02:09:43.393,2.4142,128.5134,230.569,Intermediate,4.6,Light,"94 km NE of Tobelo, Indonesia"
2024-07-26 07:27:27.025,-7.5959,130.4192,23.797,Shallow,4.2,Light,"Pulau Pulau Tanimbar, Indonesia"
2024-07-26 09:25:51.014,1.7545,127.2578,120.389,Intermediate,4.5,Light,"83 km W of Tobelo, Indonesia"
2024-07-27 00:23:53.955,-0.1989,130.5165,10.0,Shallow,4.3,Light,"4 km NNE of Waisai, Indonesia"
2024-07-27 01:27:49.779,-0.3168,130.4025,10.0,Shallow,4.4,Light,"14 km SW of Waisai, Indonesia"
2024-07-27 10:04:59.980,-4.5791,125.7115,442.753,Deep,4.1,Light,"280 km S of Sanana, Indonesia"
2024-07-27 17:01:47.869,2.6348,128.4464,228.397,Intermediate,4.8,Light,"111 km NNE of Tobelo, Indonesia"
2024-07-27 21:26:12.972,-3.695,131.5011,17.78,Shallow,4.4,Light,"122 km SW of Fakfak, Indonesia"
2024-07-28 11:20:32.794,-6.2708,130.0296,146.713,Intermediate,5.2,Moderate,Banda Sea
2024-07-28 12:50:29.519,-2.9952,128.483,23.127,Shallow,4.1,Light,"61 km NW of Amahai, Indonesia"
2024-07-28 14:17:29.761,-3.7549,139.8707,10.0,Shallow,4.3,Light,"153 km SSW of Abepura, Indonesia"
2024-07-28 17:07:04.384,-7.4937,127.8333,165.783,Intermediate,4.6,Light,"146 km NE of Lospalos, Timor Leste"
2024-07-29 03:55:58.501,-2.358,127.9596,10.0,Shallow,4.0,Light,"150 km N of Ambon, Indonesia"
2024-07-29 11:27:55.434,4.7254,126.2064,98.487,Intermediate,4.5,Light,"111 km SE of Sarangani, Philippines"
2024-07-30 08:34:45.906,3.4429,125.6197,133.027,Intermediate,4.2,Light,"217 km S of Sarangani, Philippines"
2024-07-30 10:36:20.541,6.2936,126.1023,60.782,Shallow,4.6,Light,"11 km SW of Pondaguitan, Philippines"
2024-07-30 15:56:44.399,-5.691,133.7127,10.0,Shallow,4.8,Light,"106 km E of Tual, Indonesia"
2024-07-30 17:39:26.551,-4.5801,137.5462,10.0,Shallow,4.4,Light,"125 km NNW of Agats, Indonesia"
2024-07-30 23:21:07.177,-6.6727,129.8366,143.8,Intermediate,4.7,Light,Banda Sea
2024-07-31 15:51:14.457,9.6401,125.7504,133.946,Intermediate,4.5,Light,"7 km NE of Gigaquit, Philippines"
2024-07-31 16:55:52.325,-7.2402,129.1957,150.297,Intermediate,4.4,Light,"280 km ENE of Lospalos, Timor Leste"
